date,ADM2_NAME,mean,source
2003-01-01,Hamirpur,-3.118798452360141,GRACE
2003-01-01,Mahoba,-3.2119283878071285,GRACE
2003-01-01,Banda,-3.081260847823987,GRACE
2003-01-01,Chitrakoot,-3.081314746666392,GRACE
2003-01-01,Hamirpur,1.5822006464004517,GRACE
2003-01-01,Aurangabad,-4.36163509068637,GRACE
2003-01-01,Chhatarpur,-4.575537894868769,GRACE
2003-01-01,Damoh,-6.674980487481991,GRACE
2003-01-01,Datia,-2.9865052305923236,GRACE
2003-01-01,Panna,-5.031524294045198,GRACE
2003-01-01,Sagar,-7.184499411859719,GRACE
2003-01-01,Tikamgarh,-4.459393795850768,GRACE
2003-01-01,Jalaun,-1.9166441968799905,GRACE
2003-01-01,Jhansi,-3.3225736900292393,GRACE
2003-01-01,Lalitpur,-5.783889088674301,GRACE
2003-01-01,Latur,-10.270216721848836,GRACE
2003-01-01,Nanded,-12.093973307941669,GRACE
2003-01-01,Osmanabad,-8.690024583159627,GRACE
2003-01-01,Aurangabad,-10.224565266593261,GRACE
2003-01-01,Hingoli,-12.009923665216498,GRACE
2003-01-01,Jalna,-10.707198277191836,GRACE
2003-01-01,Parbhani,-11.00499982924857,GRACE
2003-01-01,Pudukkottai,-2.9788927607559295,GRACE
2003-01-01,Ramanathapuram,-1.473400349989817,GRACE
2003-01-01,Thanjavur,-3.1988461460432207,GRACE
2003-01-01,Cuddalore,-4.659779764842387,GRACE
2003-01-01,Nagapattinam,-3.4506844765907516,GRACE
2003-02-01,Hamirpur,-2.840565865309506,GRACE
2003-02-01,Mahoba,-2.810116376834072,GRACE
2003-02-01,Banda,-3.0344989037303534,GRACE
2003-02-01,Chitrakoot,-3.325967264585538,GRACE
2003-02-01,Hamirpur,5.198015213012695,GRACE
2003-02-01,Aurangabad,-5.75090720777525,GRACE
2003-02-01,Chhatarpur,-4.020602146722968,GRACE
2003-02-01,Damoh,-5.834297988112475,GRACE
2003-02-01,Datia,-2.2007362493389246,GRACE
2003-02-01,Panna,-4.610087427150148,GRACE
2003-02-01,Sagar,-5.89815624142973,GRACE
2003-02-01,Tikamgarh,-3.6246676546341474,GRACE
2003-02-01,Jalaun,-1.3705108171631752,GRACE
2003-02-01,Jhansi,-2.720300127204745,GRACE
2003-02-01,Lalitpur,-4.548382597670934,GRACE
2003-02-01,Latur,-8.910687143779173,GRACE
2003-02-01,Nanded,-10.729536295692327,GRACE
2003-02-01,Osmanabad,-7.632860313966798,GRACE
2003-02-01,Aurangabad,-9.62268186318502,GRACE
2003-02-01,Hingoli,-10.764668645471849,GRACE
2003-02-01,Jalna,-9.853430044621751,GRACE
2003-02-01,Parbhani,-9.8555759935288,GRACE
2003-02-01,Pudukkottai,-0.8691833971537156,GRACE
2003-02-01,Ramanathapuram,-0.2831868189743925,GRACE
2003-02-01,Thanjavur,-1.1485116200063823,GRACE
2003-02-01,Cuddalore,-2.0296487426457084,GRACE
2003-02-01,Nagapattinam,-1.3253844068557052,GRACE
2003-03-01,Hamirpur,-4.6200114322439525,GRACE
2003-03-01,Mahoba,-4.683898790492293,GRACE
2003-03-01,Banda,-4.674769692295582,GRACE
2003-03-01,Chitrakoot,-4.852401134344415,GRACE
2003-03-01,Hamirpur,9.862616539001465,GRACE
2003-03-01,Aurangabad,-8.980885231710149,GRACE
2003-03-01,Chhatarpur,-6.592496814096248,GRACE
2003-03-01,Damoh,-9.636297004399413,GRACE
2003-03-01,Datia,-4.167311495123197,GRACE
2003-03-01,Panna,-7.456636038602518,GRACE
2003-03-01,Sagar,-9.792197445607961,GRACE
2003-03-01,Tikamgarh,-6.14870330289876,GRACE
2003-03-01,Jalaun,-3.0220038361722477,GRACE
2003-03-01,Jhansi,-4.68456828142607,GRACE
2003-03-01,Lalitpur,-7.650546413471294,GRACE
2003-03-01,Latur,-7.929069189481599,GRACE
2003-03-01,Nanded,-10.35778560082071,GRACE
2003-03-01,Osmanabad,-6.741332005941338,GRACE
2003-03-01,Aurangabad,-9.945272391346288,GRACE
2003-03-01,Hingoli,-10.511311549626983,GRACE
2003-03-01,Jalna,-9.837896185697822,GRACE
2003-03-01,Parbhani,-9.295660067081782,GRACE
2003-03-01,Pudukkottai,-0.2288431179766155,GRACE
2003-03-01,Ramanathapuram,-0.28731629550511,GRACE
2003-03-01,Thanjavur,-0.30751537478046936,GRACE
2003-03-01,Cuddalore,-1.0232167086487647,GRACE
2003-03-01,Nagapattinam,-0.43219362391209226,GRACE
2003-04-01,Hamirpur,-7.010035230336699,GRACE
2003-04-01,Mahoba,-7.052960380431145,GRACE
2003-04-01,Banda,-7.048748268150656,GRACE
2003-04-01,Chitrakoot,-7.243077610665506,GRACE
2003-04-01,Hamirpur,8.013209342956543,GRACE
2003-04-01,Aurangabad,-10.58369250755875,GRACE
2003-04-01,Chhatarpur,-8.654404229718525,GRACE
2003-04-01,Damoh,-11.590311527484184,GRACE
2003-04-01,Datia,-6.771336500635367,GRACE
2003-04-01,Panna,-9.331185672674975,GRACE
2003-04-01,Sagar,-11.757247313302795,GRACE
2003-04-01,Tikamgarh,-8.333351373789155,GRACE
2003-04-01,Jalaun,-5.908167309549072,GRACE
2003-04-01,Jhansi,-7.091459965772283,GRACE
2003-04-01,Lalitpur,-9.630742949117327,GRACE
2003-04-01,Latur,-12.306377846603999,GRACE
2003-04-01,Nanded,-14.25829911211247,GRACE
2003-04-01,Osmanabad,-11.42724569332019,GRACE
2003-04-01,Aurangabad,-14.21744383740616,GRACE
2003-04-01,Hingoli,-14.64312759819411,GRACE
2003-04-01,Jalna,-14.159814737569672,GRACE
2003-04-01,Parbhani,-13.689953576472574,GRACE
2003-04-01,Pudukkottai,-1.9983380185291693,GRACE
2003-04-01,Ramanathapuram,-1.33581988694638,GRACE
2003-04-01,Thanjavur,-2.033084721417549,GRACE
2003-04-01,Cuddalore,-3.0047555143547466,GRACE
2003-04-01,Nagapattinam,-2.185150354346935,GRACE
2003-05-01,Hamirpur,-10.465137038537813,GRACE
2003-05-01,Mahoba,-10.676027412119982,GRACE
2003-05-01,Banda,-10.256382067992044,GRACE
2003-05-01,Chitrakoot,-9.995823687479037,GRACE
2003-05-01,Hamirpur,6.606130123138428,GRACE
2003-05-01,Aurangabad,-11.60374129647267,GRACE
2003-05-01,Chhatarpur,-12.074516335459638,GRACE
2003-05-01,Damoh,-14.285579861840164,GRACE
2003-05-01,Datia,-10.462143119056423,GRACE
2003-05-01,Panna,-12.278497566846974,GRACE
2003-05-01,Sagar,-14.836556098110819,GRACE
2003-05-01,Tikamgarh,-12.041589312601744,GRACE
2003-05-01,Jalaun,-9.06906366183233,GRACE
2003-05-01,Jhansi,-10.836780693537678,GRACE
2003-05-01,Lalitpur,-13.454574110875406,GRACE
2003-05-01,Latur,-14.785847515723459,GRACE
2003-05-01,Nanded,-16.70692917760288,GRACE
2003-05-01,Osmanabad,-13.749046102295779,GRACE
2003-05-01,Aurangabad,-15.91063997864983,GRACE
2003-05-01,Hingoli,-16.826870737537558,GRACE
2003-05-01,Jalna,-16.04596242989346,GRACE
2003-05-01,Parbhani,-15.85612406879351,GRACE
2003-05-01,Pudukkottai,-4.464932656933362,GRACE
2003-05-01,Ramanathapuram,-1.8536924215131185,GRACE
2003-05-01,Thanjavur,-4.696949873201292,GRACE
2003-05-01,Cuddalore,-7.167035788193231,GRACE
2003-05-01,Nagapattinam,-5.0998529245784585,GRACE
2003-07-01,Hamirpur,3.93988684182481,GRACE
2003-07-01,Mahoba,3.404181528156759,GRACE
2003-07-01,Banda,4.710190855192769,GRACE
2003-07-01,Chitrakoot,5.780140608549116,GRACE
2003-07-01,Hamirpur,8.69742488861084,GRACE
2003-07-01,Aurangabad,10.233450264785851,GRACE
2003-07-01,Chhatarpur,2.161732440062005,GRACE
2003-07-01,Damoh,0.19356688871288075,GRACE
2003-07-01,Datia,2.639780404213618,GRACE
2003-07-01,Panna,2.2691672603781816,GRACE
2003-07-01,Sagar,-0.69493477780457,GRACE
2003-07-01,Tikamgarh,1.5572151777107623,GRACE
2003-07-01,Jalaun,4.923795739828009,GRACE
2003-07-01,Jhansi,2.7662369782214045,GRACE
2003-07-01,Lalitpur,0.06719008970646513,GRACE
2003-07-01,Latur,-1.8438933406504956,GRACE
2003-07-01,Nanded,-1.721509563383039,GRACE
2003-07-01,Osmanabad,-2.0717946895597765,GRACE
2003-07-01,Aurangabad,-2.7744343846452,GRACE
2003-07-01,Hingoli,-1.6377522681783414,GRACE
2003-07-01,Jalna,-2.2743827253664546,GRACE
2003-07-01,Parbhani,-1.7822043691606384,GRACE
2003-07-01,Pudukkottai,-3.2253505516769567,GRACE
2003-07-01,Ramanathapuram,-2.3161575876083202,GRACE
2003-07-01,Thanjavur,-3.47395488497846,GRACE
2003-07-01,Cuddalore,-4.120087500627675,GRACE
2003-07-01,Nagapattinam,-3.6064228680558483,GRACE
2003-08-01,Hamirpur,16.695904341471312,GRACE
2003-08-01,Mahoba,16.244724089337076,GRACE
2003-08-01,Banda,17.358965591046125,GRACE
2003-08-01,Chitrakoot,18.20428964774543,GRACE
2003-08-01,Hamirpur,11.482216835021973,GRACE
2003-08-01,Aurangabad,21.272237106663095,GRACE
2003-08-01,Chhatarpur,15.12245858584649,GRACE
2003-08-01,Damoh,13.390509037026352,GRACE
2003-08-01,Datia,15.481110237617852,GRACE
2003-08-01,Panna,15.248112509890303,GRACE
2003-08-01,Sagar,12.574942628402667,GRACE
2003-08-01,Tikamgarh,14.57352173494234,GRACE
2003-08-01,Jalaun,17.41091535949942,GRACE
2003-08-01,Jhansi,15.661378491754977,GRACE
2003-08-01,Lalitpur,13.231252264523492,GRACE
2003-08-01,Latur,7.772013902395249,GRACE
2003-08-01,Nanded,9.345735069006547,GRACE
2003-08-01,Osmanabad,6.76103204692308,GRACE
2003-08-01,Aurangabad,8.010405612667137,GRACE
2003-08-01,Hingoli,9.793076151030819,GRACE
2003-08-01,Jalna,8.6205836871205,GRACE
2003-08-01,Parbhani,8.906853642273921,GRACE
2003-08-01,Pudukkottai,-1.6635830643697296,GRACE
2003-08-01,Ramanathapuram,-0.9374658949652923,GRACE
2003-08-01,Thanjavur,-1.9186900945613212,GRACE
2003-08-01,Cuddalore,-2.2922590432170398,GRACE
2003-08-01,Nagapattinam,-2.011008592720914,GRACE
2003-09-01,Hamirpur,25.425167036304742,GRACE
2003-09-01,Mahoba,24.826278909352315,GRACE
2003-09-01,Banda,26.445684972582846,GRACE
2003-09-01,Chitrakoot,27.560111231103942,GRACE
2003-09-01,Hamirpur,10.637035369873047,GRACE
2003-09-01,Aurangabad,30.96383422742678,GRACE
2003-09-01,Chhatarpur,24.35854943676201,GRACE
2003-09-01,Damoh,22.85515421211945,GRACE
2003-09-01,Datia,23.1571855558356,GRACE
2003-09-01,Panna,25.180324901060697,GRACE
2003-09-01,Sagar,21.57502125199298,GRACE
2003-09-01,Tikamgarh,23.131327946758567,GRACE
2003-09-01,Jalaun,25.05484714678225,GRACE
2003-09-01,Jhansi,23.892822546945638,GRACE
2003-09-01,Lalitpur,21.88039412099151,GRACE
2003-09-01,Latur,8.803497022297458,GRACE
2003-09-01,Nanded,11.23974484692598,GRACE
2003-09-01,Osmanabad,7.543468069968118,GRACE
2003-09-01,Aurangabad,11.066117883854007,GRACE
2003-09-01,Hingoli,12.250358939797616,GRACE
2003-09-01,Jalna,11.388178408585091,GRACE
2003-09-01,Parbhani,11.01561421323771,GRACE
2003-09-01,Pudukkottai,-2.071861064733267,GRACE
2003-09-01,Ramanathapuram,-1.4356662127867543,GRACE
2003-09-01,Thanjavur,-2.2021576173699557,GRACE
2003-09-01,Cuddalore,-2.6543538575416363,GRACE
2003-09-01,Nagapattinam,-2.2885462926636495,GRACE
2003-10-01,Hamirpur,22.25598124249025,GRACE
2003-10-01,Mahoba,21.909724156071704,GRACE
2003-10-01,Banda,22.856835613442698,GRACE
2003-10-01,Chitrakoot,23.43829324879777,GRACE
2003-10-01,Hamirpur,7.87861967086792,GRACE
2003-10-01,Aurangabad,25.76792316166617,GRACE
2003-10-01,Chhatarpur,21.36693098048507,GRACE
2003-10-01,Damoh,19.875528245001455,GRACE
2003-10-01,Datia,20.801668679095194,GRACE
2003-10-01,Panna,21.84882694089569,GRACE
2003-10-01,Sagar,18.87858534672128,GRACE
2003-10-01,Tikamgarh,20.594943937443638,GRACE
2003-10-01,Jalaun,21.992377395758982,GRACE
2003-10-01,Jhansi,21.294660468885166,GRACE
2003-10-01,Lalitpur,19.510576728697306,GRACE
2003-10-01,Latur,8.810257814818465,GRACE
2003-10-01,Nanded,10.383690942661175,GRACE
2003-10-01,Osmanabad,8.019498280357489,GRACE
2003-10-01,Aurangabad,10.163767027214282,GRACE
2003-10-01,Hingoli,11.021573396452384,GRACE
2003-10-01,Jalna,10.407572948975444,GRACE
2003-10-01,Parbhani,10.215256930673732,GRACE
2003-10-01,Pudukkottai,0.15284259568108877,GRACE
2003-10-01,Ramanathapuram,-0.0313839635142321,GRACE
2003-10-01,Thanjavur,0.07308182229816228,GRACE
2003-10-01,Cuddalore,0.15557042651854788,GRACE
2003-10-01,Nagapattinam,0.07144940488371493,GRACE
2003-11-01,Hamirpur,14.783962767212627,GRACE
2003-11-01,Mahoba,14.659496901979303,GRACE
2003-11-01,Banda,14.992750635420174,GRACE
2003-11-01,Chitrakoot,15.140443758133353,GRACE
2003-11-01,Hamirpur,4.899557113647461,GRACE
2003-11-01,Aurangabad,15.497086009820459,GRACE
2003-11-01,Chhatarpur,14.143794698047941,GRACE
2003-11-01,Damoh,12.968060609419032,GRACE
2003-11-01,Datia,14.286092514302199,GRACE
2003-11-01,Panna,14.387584867976935,GRACE
2003-11-01,Sagar,12.219298623882773,GRACE
2003-11-01,Tikamgarh,13.826097789405742,GRACE
2003-11-01,Jalaun,14.856202775635111,GRACE
2003-11-01,Jhansi,14.402964750704328,GRACE
2003-11-01,Lalitpur,12.945549399545715,GRACE
2003-11-01,Latur,4.179718830699895,GRACE
2003-11-01,Nanded,5.0990915732327435,GRACE
2003-11-01,Osmanabad,3.7939349923764842,GRACE
2003-11-01,Aurangabad,4.962208782977268,GRACE
2003-11-01,Hingoli,5.431266345250348,GRACE
2003-11-01,Jalna,5.052253548440874,GRACE
2003-11-01,Parbhani,4.9373478012526615,GRACE
2003-11-01,Pudukkottai,0.9094398078471282,GRACE
2003-11-01,Ramanathapuram,1.0564394886726098,GRACE
2003-11-01,Thanjavur,0.656612141508876,GRACE
2003-11-01,Cuddalore,0.3339340483382105,GRACE
2003-11-01,Nagapattinam,0.5676961251199778,GRACE
2003-12-01,Hamirpur,10.8069817021318,GRACE
2003-12-01,Mahoba,10.82768077900229,GRACE
2003-12-01,Banda,10.734870173940983,GRACE
2003-12-01,Chitrakoot,10.52632670249414,GRACE
2003-12-01,Hamirpur,4.634786128997803,GRACE
2003-12-01,Aurangabad,8.546454534387314,GRACE
2003-12-01,Chhatarpur,9.99282734920548,GRACE
2003-12-01,Damoh,8.601041765566563,GRACE
2003-12-01,Datia,11.018377458363652,GRACE
2003-12-01,Panna,9.833242833733507,GRACE
2003-12-01,Sagar,8.202823921976258,GRACE
2003-12-01,Tikamgarh,10.111196475744,GRACE
2003-12-01,Jalaun,11.336023535623566,GRACE
2003-12-01,Jhansi,10.817734612860718,GRACE
2003-12-01,Lalitpur,9.241060533530268,GRACE
2003-12-01,Latur,1.1071153071825863,GRACE
2003-12-01,Nanded,1.6921354349500426,GRACE
2003-12-01,Osmanabad,1.015618848710451,GRACE
2003-12-01,Aurangabad,1.7593417669866254,GRACE
2003-12-01,Hingoli,1.9582998937259402,GRACE
2003-12-01,Jalna,1.7648889966887604,GRACE
2003-12-01,Parbhani,1.6220383513367729,GRACE
2003-12-01,Pudukkottai,1.7124017391461352,GRACE
2003-12-01,Ramanathapuram,2.843048630362945,GRACE
2003-12-01,Thanjavur,1.4845118225968426,GRACE
2003-12-01,Cuddalore,0.38630789919340625,GRACE
2003-12-01,Nagapattinam,1.2850600621615125,GRACE
2003-12-19,Hamirpur,7.984067130520217,GRACE
2003-12-19,Mahoba,8.172272228098908,GRACE
2003-12-19,Banda,7.591856043619846,GRACE
2003-12-19,Chitrakoot,6.943778327955019,GRACE
2003-12-19,Hamirpur,2.1969211101531982,GRACE
2003-12-19,Aurangabad,3.13864148419694,GRACE
2003-12-19,Chhatarpur,7.021016746795828,GRACE
2003-12-19,Damoh,5.372250111729205,GRACE
2003-12-19,Datia,8.833431288624928,GRACE
2003-12-19,Panna,6.385380141118294,GRACE
2003-12-19,Sagar,5.306423458131281,GRACE
2003-12-19,Tikamgarh,7.5727937524362865,GRACE
2003-12-19,Jalaun,8.904709583464962,GRACE
2003-12-19,Jhansi,8.39487601070351,GRACE
2003-12-19,Lalitpur,6.738730282686193,GRACE
2003-12-19,Latur,-0.8344000238372076,GRACE
2003-12-19,Nanded,-0.5265873905540096,GRACE
2003-12-19,Osmanabad,-0.7764599057129807,GRACE
2003-12-19,Aurangabad,-0.1889605028115175,GRACE
2003-12-19,Hingoli,-0.34617901406641377,GRACE
2003-12-19,Jalna,-0.32914947168878694,GRACE
2003-12-19,Parbhani,-0.5200460277496033,GRACE
2003-12-19,Pudukkottai,0.5065023142771491,GRACE
2003-12-19,Ramanathapuram,1.8892186651045824,GRACE
2003-12-19,Thanjavur,0.0028512277329820718,GRACE
2003-12-19,Cuddalore,-1.3937043434018095,GRACE
2003-12-19,Nagapattinam,-0.28356029899445484,GRACE
2004-02-04,Hamirpur,4.825019039595943,GRACE
2004-02-04,Mahoba,4.926535850474541,GRACE
2004-02-04,Banda,4.527820532934112,GRACE
2004-02-04,Chitrakoot,3.984451925235055,GRACE
2004-02-04,Hamirpur,5.308048248291016,GRACE
2004-02-04,Aurangabad,-0.5581102975897819,GRACE
2004-02-04,Chhatarpur,3.366825469874148,GRACE
2004-02-04,Damoh,1.1554367027838222,GRACE
2004-02-04,Datia,5.508210453489252,GRACE
2004-02-04,Panna,2.5605271902830538,GRACE
2004-02-04,Sagar,1.0563362172103643,GRACE
2004-02-04,Tikamgarh,3.884610619439982,GRACE
2004-02-04,Jalaun,6.172955366744021,GRACE
2004-02-04,Jhansi,5.034429320518686,GRACE
2004-02-04,Lalitpur,2.721091505023143,GRACE
2004-02-04,Latur,-3.8130929778231444,GRACE
2004-02-04,Nanded,-3.630015149425734,GRACE
2004-02-04,Osmanabad,-3.8805322517054597,GRACE
2004-02-04,Aurangabad,-2.951468395026767,GRACE
2004-02-04,Hingoli,-3.328379086569509,GRACE
2004-02-04,Jalna,-3.1000751524617502,GRACE
2004-02-04,Parbhani,-3.358864232401861,GRACE
2004-02-04,Pudukkottai,-2.581530338296242,GRACE
2004-02-04,Ramanathapuram,-1.295727071770293,GRACE
2004-02-04,Thanjavur,-2.826740228615005,GRACE
2004-02-04,Cuddalore,-3.980744976385875,GRACE
2004-02-04,Nagapattinam,-3.036171993683511,GRACE
2004-03-01,Hamirpur,-2.073701654555709,GRACE
2004-03-01,Mahoba,-1.8927806237222313,GRACE
2004-03-01,Banda,-2.4956533837041244,GRACE
2004-03-01,Chitrakoot,-3.213867791858288,GRACE
2004-03-01,Hamirpur,1.206241250038147,GRACE
2004-03-01,Aurangabad,-8.866173642895031,GRACE
2004-03-01,Chhatarpur,-3.3434057284316174,GRACE
2004-03-01,Damoh,-5.421434171749388,GRACE
2004-03-01,Datia,-1.1240916310709193,GRACE
2004-03-01,Panna,-4.221746335907585,GRACE
2004-03-01,Sagar,-5.390878515308363,GRACE
2004-03-01,Tikamgarh,-2.697065809388879,GRACE
2004-03-01,Jalaun,-0.77660498171105,GRACE
2004-03-01,Jhansi,-1.6694800453431757,GRACE
2004-03-01,Lalitpur,-3.7007721338533823,GRACE
2004-03-01,Latur,-9.395786319383348,GRACE
2004-03-01,Nanded,-9.81317245256075,GRACE
2004-03-01,Osmanabad,-9.16612169508395,GRACE
2004-03-01,Aurangabad,-8.551330166548686,GRACE
2004-03-01,Hingoli,-9.443203550843307,GRACE
2004-03-01,Jalna,-8.79765450938672,GRACE
2004-03-01,Parbhani,-9.119668525847162,GRACE
2004-03-01,Pudukkottai,-6.897181477280414,GRACE
2004-03-01,Ramanathapuram,-5.604291177094037,GRACE
2004-03-01,Thanjavur,-7.127051186728688,GRACE
2004-03-01,Cuddalore,-7.994601637647134,GRACE
2004-03-01,Nagapattinam,-7.28926433677219,GRACE
2004-04-01,Hamirpur,-5.010090460159123,GRACE
2004-04-01,Mahoba,-4.8953823665557605,GRACE
2004-04-01,Banda,-5.309970949428486,GRACE
2004-04-01,Chitrakoot,-5.728216559351039,GRACE
2004-04-01,Hamirpur,0.19167560338974,GRACE
2004-04-01,Aurangabad,-9.700088623163184,GRACE
2004-04-01,Chhatarpur,-6.0740086736746655,GRACE
2004-04-01,Damoh,-7.7329769761132905,GRACE
2004-04-01,Datia,-4.116950395518613,GRACE
2004-04-01,Panna,-6.736197170044414,GRACE
2004-04-01,Sagar,-7.675417793098386,GRACE
2004-04-01,Tikamgarh,-5.49775682450674,GRACE
2004-04-01,Jalaun,-3.847264371345895,GRACE
2004-04-01,Jhansi,-4.662516127721844,GRACE
2004-04-01,Lalitpur,-6.300495135826094,GRACE
2004-04-01,Latur,-11.195110602052214,GRACE
2004-04-01,Nanded,-11.312469061734959,GRACE
2004-04-01,Osmanabad,-11.149737486727531,GRACE
2004-04-01,Aurangabad,-10.847656036271676,GRACE
2004-04-01,Hingoli,-11.15191966421065,GRACE
2004-04-01,Jalna,-10.936981626433507,GRACE
2004-04-01,Parbhani,-11.053003978474017,GRACE
2004-04-01,Pudukkottai,-6.025385160495287,GRACE
2004-04-01,Ramanathapuram,-4.066445443569307,GRACE
2004-04-01,Thanjavur,-6.221037028899379,GRACE
2004-04-01,Cuddalore,-7.6771641953808505,GRACE
2004-04-01,Nagapattinam,-6.464767594456569,GRACE
2004-05-01,Hamirpur,-7.863575908651745,GRACE
2004-05-01,Mahoba,-7.823936209106732,GRACE
2004-05-01,Banda,-8.083455613895172,GRACE
2004-05-01,Chitrakoot,-8.345865425385465,GRACE
2004-05-01,Hamirpur,-1.5355831384658813,GRACE
2004-05-01,Aurangabad,-10.765617465983214,GRACE
2004-05-01,Chhatarpur,-9.43234055760999,GRACE
2004-05-01,Damoh,-11.663370430649305,GRACE
2004-05-01,Datia,-7.088652010073149,GRACE
2004-05-01,Panna,-10.264487569020398,GRACE
2004-05-01,Sagar,-11.681906719915917,GRACE
2004-05-01,Tikamgarh,-8.82501818077917,GRACE
2004-05-01,Jalaun,-6.352351632783494,GRACE
2004-05-01,Jhansi,-7.659121794620927,GRACE
2004-05-01,Lalitpur,-9.938186362224258,GRACE
2004-05-01,Latur,-14.902489932127125,GRACE
2004-05-01,Nanded,-15.174610409943606,GRACE
2004-05-01,Osmanabad,-14.61082969068702,GRACE
2004-05-01,Aurangabad,-15.312524749302916,GRACE
2004-05-01,Hingoli,-15.379369207877785,GRACE
2004-05-01,Jalna,-15.38660944370744,GRACE
2004-05-01,Parbhani,-15.288033379935813,GRACE
2004-05-01,Pudukkottai,-4.910320177032242,GRACE
2004-05-01,Ramanathapuram,-3.6158926116964443,GRACE
2004-05-01,Thanjavur,-5.329142448779768,GRACE
2004-05-01,Cuddalore,-6.562598713979743,GRACE
2004-05-01,Nagapattinam,-5.5772508285489195,GRACE
2004-06-01,Hamirpur,-4.660217438770072,GRACE
2004-06-01,Mahoba,-4.895569411320651,GRACE
2004-06-01,Banda,-4.340211040117795,GRACE
2004-06-01,Chitrakoot,-3.8712054941358915,GRACE
2004-06-01,Hamirpur,-2.8031325340270996,GRACE
2004-06-01,Aurangabad,-1.980558385512858,GRACE
2004-06-01,Chhatarpur,-5.832751650739167,GRACE
2004-06-01,Damoh,-7.39909195841965,GRACE
2004-06-01,Datia,-5.189930327806575,GRACE
2004-06-01,Panna,-5.916344060653781,GRACE
2004-06-01,Sagar,-7.997985168548124,GRACE
2004-06-01,Tikamgarh,-6.063494266642015,GRACE
2004-06-01,Jalaun,-4.01267146701135,GRACE
2004-06-01,Jhansi,-5.196926159712596,GRACE
2004-06-01,Lalitpur,-7.1375618694367144,GRACE
2004-06-01,Latur,-9.375808350466817,GRACE
2004-06-01,Nanded,-9.91092111263602,GRACE
2004-06-01,Osmanabad,-8.773726271373981,GRACE
2004-06-01,Aurangabad,-10.223463029556715,GRACE
2004-06-01,Hingoli,-10.093262450301944,GRACE
2004-06-01,Jalna,-10.169925083718592,GRACE
2004-06-01,Parbhani,-9.908870849382998,GRACE
2004-06-01,Pudukkottai,-1.6090457557160176,GRACE
2004-06-01,Ramanathapuram,-1.1538745743097827,GRACE
2004-06-01,Thanjavur,-1.7523829492405751,GRACE
2004-06-01,Cuddalore,-2.4666239914563297,GRACE
2004-06-01,Nagapattinam,-1.8834583027967073,GRACE
2004-07-01,Hamirpur,5.801008953591533,GRACE
2004-07-01,Mahoba,4.930332374952846,GRACE
2004-07-01,Banda,7.214655449435613,GRACE
2004-07-01,Chitrakoot,8.95462871620415,GRACE
2004-07-01,Hamirpur,1.1291738748550415,GRACE
2004-07-01,Aurangabad,15.55833766694739,GRACE
2004-07-01,Chhatarpur,3.8225316368447,GRACE
2004-07-01,Damoh,1.3643380272065981,GRACE
2004-07-01,Datia,2.9378463486131507,GRACE
2004-07-01,Panna,4.622068923009915,GRACE
2004-07-01,Sagar,-0.22222073200128417,GRACE
2004-07-01,Tikamgarh,2.3713031573349346,GRACE
2004-07-01,Jalaun,5.878945838303001,GRACE
2004-07-01,Jhansi,3.718895681887283,GRACE
2004-07-01,Lalitpur,0.46047009739927774,GRACE
2004-07-01,Latur,-2.85852087909467,GRACE
2004-07-01,Nanded,-2.4266080482209644,GRACE
2004-07-01,Osmanabad,-3.0252571892406794,GRACE
2004-07-01,Aurangabad,-4.795006829391983,GRACE
2004-07-01,Hingoli,-2.8132517057713833,GRACE
2004-07-01,Jalna,-4.09591953409387,GRACE
2004-07-01,Parbhani,-3.26120043773276,GRACE
2004-07-01,Pudukkottai,-1.9159663946043195,GRACE
2004-07-01,Ramanathapuram,-2.1001648242479214,GRACE
2004-07-01,Thanjavur,-1.7847934300048356,GRACE
2004-07-01,Cuddalore,-1.493620513783691,GRACE
2004-07-01,Nagapattinam,-1.7206309546515983,GRACE
2004-08-01,Hamirpur,15.063635766225486,GRACE
2004-08-01,Mahoba,14.734087832378771,GRACE
2004-08-01,Banda,15.672934756651392,GRACE
2004-08-01,Chitrakoot,16.50270775840917,GRACE
2004-08-01,Hamirpur,0.6336876749992371,GRACE
2004-08-01,Aurangabad,20.635644835180205,GRACE
2004-08-01,Chhatarpur,14.826591493291655,GRACE
2004-08-01,Damoh,14.393191582383817,GRACE
2004-08-01,Datia,13.730984488790227,GRACE
2004-08-01,Panna,15.453948078132637,GRACE
2004-08-01,Sagar,13.671037532752539,GRACE
2004-08-01,Tikamgarh,14.088149046072884,GRACE
2004-08-01,Jalaun,14.397898528048158,GRACE
2004-08-01,Jhansi,14.247603043208217,GRACE
2004-08-01,Lalitpur,13.655747238336359,GRACE
2004-08-01,Latur,4.117835110846454,GRACE
2004-08-01,Nanded,6.04344956965886,GRACE
2004-08-01,Osmanabad,3.3364982786450845,GRACE
2004-08-01,Aurangabad,5.938364305111838,GRACE
2004-08-01,Hingoli,6.643194803719728,GRACE
2004-08-01,Jalna,6.043498061564972,GRACE
2004-08-01,Parbhani,5.67001028207393,GRACE
2004-08-01,Pudukkottai,-2.897179744686307,GRACE
2004-08-01,Ramanathapuram,-2.467015127963747,GRACE
2004-08-01,Thanjavur,-3.188901040043573,GRACE
2004-08-01,Cuddalore,-3.0299036200429152,GRACE
2004-08-01,Nagapattinam,-3.2058783470633494,GRACE
2004-09-01,Hamirpur,15.761202014537627,GRACE
2004-09-01,Mahoba,15.36390438417166,GRACE
2004-09-01,Banda,16.41535517893539,GRACE
2004-09-01,Chitrakoot,17.28425239937021,GRACE
2004-09-01,Hamirpur,1.2880743741989136,GRACE
2004-09-01,Aurangabad,22.167387200041148,GRACE
2004-09-01,Chhatarpur,14.91396507125846,GRACE
2004-09-01,Damoh,13.821742388203852,GRACE
2004-09-01,Datia,14.364301421135112,GRACE
2004-09-01,Panna,15.148176865499526,GRACE
2004-09-01,Sagar,13.288024753898366,GRACE
2004-09-01,Tikamgarh,14.309152175612653,GRACE
2004-09-01,Jalaun,15.623806274298463,GRACE
2004-09-01,Jhansi,14.820526124640756,GRACE
2004-09-01,Lalitpur,13.665826628025282,GRACE
2004-09-01,Latur,2.757693976591706,GRACE
2004-09-01,Nanded,4.52021019639437,GRACE
2004-09-01,Osmanabad,2.3355122971057916,GRACE
2004-09-01,Aurangabad,3.3798341129773233,GRACE
2004-09-01,Hingoli,4.597309848665955,GRACE
2004-09-01,Jalna,3.511059280032363,GRACE
2004-09-01,Parbhani,3.4742762035815296,GRACE
2004-09-01,Pudukkottai,-3.4385168963310595,GRACE
2004-09-01,Ramanathapuram,-3.420393168958639,GRACE
2004-09-01,Thanjavur,-3.3729651729742005,GRACE
2004-09-01,Cuddalore,-3.378138637743217,GRACE
2004-09-01,Nagapattinam,-3.364345943591036,GRACE
2004-10-01,Hamirpur,15.281761012786104,GRACE
2004-10-01,Mahoba,14.925318055527642,GRACE
2004-10-01,Banda,15.898165049452095,GRACE
2004-10-01,Chitrakoot,16.597471276554497,GRACE
2004-10-01,Hamirpur,0.6408587098121643,GRACE
2004-10-01,Aurangabad,20.879992014756784,GRACE
2004-10-01,Chhatarpur,14.472561486062357,GRACE
2004-10-01,Damoh,13.08572567577572,GRACE
2004-10-01,Datia,13.753929583471228,GRACE
2004-10-01,Panna,14.87264212233122,GRACE
2004-10-01,Sagar,12.20584042186581,GRACE
2004-10-01,Tikamgarh,13.72168761509693,GRACE
2004-10-01,Jalaun,14.922540730833,GRACE
2004-10-01,Jhansi,14.316788386767287,GRACE
2004-10-01,Lalitpur,12.81763634013928,GRACE
2004-10-01,Latur,5.155993680615613,GRACE
2004-10-01,Nanded,5.844910599153095,GRACE
2004-10-01,Osmanabad,4.821979134670084,GRACE
2004-10-01,Aurangabad,5.202150878199823,GRACE
2004-10-01,Hingoli,5.925540327118393,GRACE
2004-10-01,Jalna,5.4029707882730005,GRACE
2004-10-01,Parbhani,5.506950387462004,GRACE
2004-10-01,Pudukkottai,-0.2485211595522882,GRACE
2004-10-01,Ramanathapuram,0.20087934562490375,GRACE
2004-10-01,Thanjavur,-0.4620972578625401,GRACE
2004-10-01,Cuddalore,-0.81544960092312,GRACE
2004-10-01,Nagapattinam,-0.5471690524719945,GRACE
2004-11-01,Hamirpur,9.869273209368936,GRACE
2004-11-01,Mahoba,9.779208265721005,GRACE
2004-11-01,Banda,10.00943095324852,GRACE
2004-11-01,Chitrakoot,10.05656428074618,GRACE
2004-11-01,Hamirpur,-2.137268543243408,GRACE
2004-11-01,Aurangabad,10.178500292919589,GRACE
2004-11-01,Chhatarpur,9.115932206858195,GRACE
2004-11-01,Damoh,7.685421631101202,GRACE
2004-11-01,Datia,9.447660462540801,GRACE
2004-11-01,Panna,9.212588743370372,GRACE
2004-11-01,Sagar,7.04211841007756,GRACE
2004-11-01,Tikamgarh,8.901486607357908,GRACE
2004-11-01,Jalaun,10.024880031277043,GRACE
2004-11-01,Jhansi,9.552759946621224,GRACE
2004-11-01,Lalitpur,8.003056184109628,GRACE
2004-11-01,Latur,2.1827848204476488,GRACE
2004-11-01,Nanded,1.8469295987027607,GRACE
2004-11-01,Osmanabad,2.4569360145180648,GRACE
2004-11-01,Aurangabad,2.050262435584632,GRACE
2004-11-01,Hingoli,1.7663600185382762,GRACE
2004-11-01,Jalna,1.9503272954545579,GRACE
2004-11-01,Parbhani,1.9305185855253368,GRACE
2004-11-01,Pudukkottai,5.969171162609103,GRACE
2004-11-01,Ramanathapuram,5.9380432950735385,GRACE
2004-11-01,Thanjavur,5.949610441000031,GRACE
2004-11-01,Cuddalore,5.25288242013954,GRACE
2004-11-01,Nagapattinam,5.836806842078773,GRACE
2004-12-01,Hamirpur,4.7863841034366725,GRACE
2004-12-01,Mahoba,4.894281452716785,GRACE
2004-12-01,Banda,4.580981864826517,GRACE
2004-12-01,Chitrakoot,4.15484954646421,GRACE
2004-12-01,Hamirpur,-4.747622013092041,GRACE
2004-12-01,Aurangabad,1.666975274886656,GRACE
2004-12-01,Chhatarpur,4.126595664890483,GRACE
2004-12-01,Damoh,2.672369153986555,GRACE
2004-12-01,Datia,5.029777815260746,GRACE
2004-12-01,Panna,3.675216764724049,GRACE
2004-12-01,Sagar,2.522066573105935,GRACE
2004-12-01,Tikamgarh,4.3558314590927445,GRACE
2004-12-01,Jalaun,5.08329335720131,GRACE
2004-12-01,Jhansi,4.934890911174019,GRACE
2004-12-01,Lalitpur,3.719451426453023,GRACE
2004-12-01,Latur,-2.271069560117462,GRACE
2004-12-01,Nanded,-2.5094500344206816,GRACE
2004-12-01,Osmanabad,-1.994801098911084,GRACE
2004-12-01,Aurangabad,-1.9140930248631374,GRACE
2004-12-01,Hingoli,-2.3789936962769804,GRACE
2004-12-01,Jalna,-2.069975775980261,GRACE
2004-12-01,Parbhani,-2.2201148139645333,GRACE
2004-12-01,Pudukkottai,4.307978432134247,GRACE
2004-12-01,Ramanathapuram,4.859455407540594,GRACE
2004-12-01,Thanjavur,4.002100310739607,GRACE
2004-12-01,Cuddalore,2.9828396419920793,GRACE
2004-12-01,Nagapattinam,3.8000765715245746,GRACE
2005-01-01,Hamirpur,0.5942687216567806,GRACE
2005-01-01,Mahoba,0.6785601507772588,GRACE
2005-01-01,Banda,0.36669656652118654,GRACE
2005-01-01,Chitrakoot,-0.07298057236358388,GRACE
2005-01-01,Hamirpur,-2.841036796569824,GRACE
2005-01-01,Aurangabad,-4.087896893225254,GRACE
2005-01-01,Chhatarpur,-0.6004074173626338,GRACE
2005-01-01,Damoh,-2.598078606871531,GRACE
2005-01-01,Datia,1.0814832649388704,GRACE
2005-01-01,Panna,-1.3503728952349685,GRACE
2005-01-01,Sagar,-2.539104481900384,GRACE
2005-01-01,Tikamgarh,-0.15497467998689968,GRACE
2005-01-01,Jalaun,1.5006326559258873,GRACE
2005-01-01,Jhansi,0.7639491042054797,GRACE
2005-01-01,Lalitpur,-1.0349312133347794,GRACE
2005-01-01,Latur,-5.59980821646169,GRACE
2005-01-01,Nanded,-6.395082516975461,GRACE
2005-01-01,Osmanabad,-5.06809423772435,GRACE
2005-01-01,Aurangabad,-4.653625285305142,GRACE
2005-01-01,Hingoli,-6.04912679169023,GRACE
2005-01-01,Jalna,-5.0717170583082485,GRACE
2005-01-01,Parbhani,-5.509013926480743,GRACE
2005-01-01,Pudukkottai,0.963614826663011,GRACE
2005-01-01,Ramanathapuram,1.6196320432427787,GRACE
2005-01-01,Thanjavur,0.8586105971563235,GRACE
2005-01-01,Cuddalore,-0.08450167014745875,GRACE
2005-01-01,Nagapattinam,0.6994184429489374,GRACE
2005-02-01,Hamirpur,-0.8781034363445874,GRACE
2005-02-01,Mahoba,-0.768983427095063,GRACE
2005-02-01,Banda,-1.173873522737947,GRACE
2005-02-01,Chitrakoot,-1.6461116101490247,GRACE
2005-02-01,Hamirpur,2.7563321590423584,GRACE
2005-02-01,Aurangabad,-5.898449048801095,GRACE
2005-02-01,Chhatarpur,-1.8551076128927149,GRACE
2005-02-01,Damoh,-3.3100567276264137,GRACE
2005-02-01,Datia,-0.18009259179858514,GRACE
2005-02-01,Panna,-2.594540918876723,GRACE
2005-02-01,Sagar,-3.1584549745865886,GRACE
2005-02-01,Tikamgarh,-1.3403649954665007,GRACE
2005-02-01,Jalaun,0.24719333414425576,GRACE
2005-02-01,Jhansi,-0.6033212380613459,GRACE
2005-02-01,Lalitpur,-1.9863178772271144,GRACE
2005-02-01,Latur,-6.706277472108377,GRACE
2005-02-01,Nanded,-7.151419907757471,GRACE
2005-02-01,Osmanabad,-6.274366632327244,GRACE
2005-02-01,Aurangabad,-5.924854839861004,GRACE
2005-02-01,Hingoli,-6.880276097931779,GRACE
2005-02-01,Jalna,-6.238090681349559,GRACE
2005-02-01,Parbhani,-6.586953936883785,GRACE
2005-02-01,Pudukkottai,1.1367265807423441,GRACE
2005-02-01,Ramanathapuram,2.475293494087346,GRACE
2005-02-01,Thanjavur,0.8160790304320448,GRACE
2005-02-01,Cuddalore,-0.794445625805905,GRACE
2005-02-01,Nagapattinam,0.5245497323095487,GRACE
2005-03-01,Hamirpur,-5.337918869180245,GRACE
2005-03-01,Mahoba,-5.192902088818568,GRACE
2005-03-01,Banda,-5.732540259748555,GRACE
2005-03-01,Chitrakoot,-6.236172457025684,GRACE
2005-03-01,Hamirpur,6.05823278427124,GRACE
2005-03-01,Aurangabad,-10.655864906228546,GRACE
2005-03-01,Chhatarpur,-6.4664188473409325,GRACE
2005-03-01,Damoh,-7.988410122886151,GRACE
2005-03-01,Datia,-4.21948568492146,GRACE
2005-03-01,Panna,-7.404572201032534,GRACE
2005-03-01,Sagar,-7.68580874419283,GRACE
2005-03-01,Tikamgarh,-5.7132162523453,GRACE
2005-03-01,Jalaun,-3.8251499090171235,GRACE
2005-03-01,Jhansi,-4.8825887263651335,GRACE
2005-03-01,Lalitpur,-6.38588997577799,GRACE
2005-03-01,Latur,-11.128203753079417,GRACE
2005-03-01,Nanded,-11.696505384243688,GRACE
2005-03-01,Osmanabad,-10.581787052766545,GRACE
2005-03-01,Aurangabad,-10.053324053611282,GRACE
2005-03-01,Hingoli,-11.263030317115378,GRACE
2005-03-01,Jalna,-10.440684694525833,GRACE
2005-03-01,Parbhani,-10.883917652731137,GRACE
2005-03-01,Pudukkottai,-4.753915557700705,GRACE
2005-03-01,Ramanathapuram,-2.979327787608206,GRACE
2005-03-01,Thanjavur,-4.991919560101461,GRACE
2005-03-01,Cuddalore,-6.639571091973373,GRACE
2005-03-01,Nagapattinam,-5.273705962065842,GRACE
2005-04-01,Hamirpur,-8.494775474874244,GRACE
2005-04-01,Mahoba,-8.356728219528666,GRACE
2005-04-01,Banda,-8.857813759100104,GRACE
2005-04-01,Chitrakoot,-9.347356323474044,GRACE
2005-04-01,Hamirpur,4.606135845184326,GRACE
2005-04-01,Aurangabad,-13.187097919504119,GRACE
2005-04-01,Chhatarpur,-9.504490943008228,GRACE
2005-04-01,Damoh,-11.007625283347705,GRACE
2005-04-01,Datia,-7.545288689372129,GRACE
2005-04-01,Panna,-10.340312431545934,GRACE
2005-04-01,Sagar,-10.80734565366493,GRACE
2005-04-01,Tikamgarh,-8.86442666398775,GRACE
2005-04-01,Jalaun,-7.187764482486433,GRACE
2005-04-01,Jhansi,-8.100419091779873,GRACE
2005-04-01,Lalitpur,-9.520023433932279,GRACE
2005-04-01,Latur,-12.864071389903192,GRACE
2005-04-01,Nanded,-13.704823424213716,GRACE
2005-04-01,Osmanabad,-12.297797502132777,GRACE
2005-04-01,Aurangabad,-12.84667618574227,GRACE
2005-04-01,Hingoli,-13.6020862778717,GRACE
2005-04-01,Jalna,-13.030601223767782,GRACE
2005-04-01,Parbhani,-13.134362953497634,GRACE
2005-04-01,Pudukkottai,-3.3739417445658657,GRACE
2005-04-01,Ramanathapuram,-2.324604263878491,GRACE
2005-04-01,Thanjavur,-3.3960203448491155,GRACE
2005-04-01,Cuddalore,-4.867421324969843,GRACE
2005-04-01,Nagapattinam,-3.6218276114772157,GRACE
2005-05-01,Hamirpur,-10.114712402326733,GRACE
2005-05-01,Mahoba,-9.986573699640445,GRACE
2005-05-01,Banda,-10.463373446339904,GRACE
2005-05-01,Chitrakoot,-10.9142496040108,GRACE
2005-05-01,Hamirpur,3.864053726196289,GRACE
2005-05-01,Aurangabad,-13.958377104293257,GRACE
2005-05-01,Chhatarpur,-11.072141743118001,GRACE
2005-05-01,Damoh,-12.43069492161732,GRACE
2005-05-01,Datia,-9.239747373502658,GRACE
2005-05-01,Panna,-11.867118791788396,GRACE
2005-05-01,Sagar,-12.261201508967371,GRACE
2005-05-01,Tikamgarh,-10.480532467844439,GRACE
2005-05-01,Jalaun,-8.810851369302394,GRACE
2005-05-01,Jhansi,-9.758953636137555,GRACE
2005-05-01,Lalitpur,-11.097856902405038,GRACE
2005-05-01,Latur,-13.556618577442364,GRACE
2005-05-01,Nanded,-14.571126159065939,GRACE
2005-05-01,Osmanabad,-12.919333524068067,GRACE
2005-05-01,Aurangabad,-13.8529535742367,GRACE
2005-05-01,Hingoli,-14.61286753099398,GRACE
2005-05-01,Jalna,-14.024607558748619,GRACE
2005-05-01,Parbhani,-14.064092685378982,GRACE
2005-05-01,Pudukkottai,-3.3409670723029414,GRACE
2005-05-01,Ramanathapuram,-2.093824172283476,GRACE
2005-05-01,Thanjavur,-3.5320401659869995,GRACE
2005-05-01,Cuddalore,-4.929257951588086,GRACE
2005-05-01,Nagapattinam,-3.770446829216626,GRACE
2005-06-01,Hamirpur,-11.267729775212004,GRACE
2005-06-01,Mahoba,-11.161097775748042,GRACE
2005-06-01,Banda,-11.55113763862033,GRACE
2005-06-01,Chitrakoot,-11.885800373444864,GRACE
2005-06-01,Hamirpur,1.7330503463745117,GRACE
2005-06-01,Aurangabad,-14.455358439773493,GRACE
2005-06-01,Chhatarpur,-12.029389991155906,GRACE
2005-06-01,Damoh,-13.18388729669872,GRACE
2005-06-01,Datia,-10.451821515042308,GRACE
2005-06-01,Panna,-12.653305734457469,GRACE
2005-06-01,Sagar,-13.027727053667041,GRACE
2005-06-01,Tikamgarh,-11.525266340669742,GRACE
2005-06-01,Jalaun,-10.199724837351425,GRACE
2005-06-01,Jhansi,-10.940038898329883,GRACE
2005-06-01,Lalitpur,-12.046849165828524,GRACE
2005-06-01,Latur,-12.968074925518891,GRACE
2005-06-01,Nanded,-14.396102217694477,GRACE
2005-06-01,Osmanabad,-12.10740474016565,GRACE
2005-06-01,Aurangabad,-12.790558647468805,GRACE
2005-06-01,Hingoli,-14.29897386953088,GRACE
2005-06-01,Jalna,-13.170339579305645,GRACE
2005-06-01,Parbhani,-13.44341114506711,GRACE
2005-06-01,Pudukkottai,-2.9891652309263943,GRACE
2005-06-01,Ramanathapuram,-2.17984343560024,GRACE
2005-06-01,Thanjavur,-3.059128183599459,GRACE
2005-06-01,Cuddalore,-3.8139786569906775,GRACE
2005-06-01,Nagapattinam,-3.182330527182042,GRACE
2005-07-01,Hamirpur,6.007592430845977,GRACE
2005-07-01,Mahoba,5.764806413252605,GRACE
2005-07-01,Banda,6.4278880372902725,GRACE
2005-07-01,Chitrakoot,6.866015828640088,GRACE
2005-07-01,Hamirpur,5.4773993492126465,GRACE
2005-07-01,Aurangabad,8.397282502550425,GRACE
2005-07-01,Chhatarpur,5.595615978999123,GRACE
2005-07-01,Damoh,4.897036440075283,GRACE
2005-07-01,Datia,4.992953754150286,GRACE
2005-07-01,Panna,6.002413208367394,GRACE
2005-07-01,Sagar,4.1465624953554725,GRACE
2005-07-01,Tikamgarh,4.993583276529322,GRACE
2005-07-01,Jalaun,5.797937854109058,GRACE
2005-07-01,Jhansi,5.338602332750072,GRACE
2005-07-01,Lalitpur,4.345423180380814,GRACE
2005-07-01,Latur,-1.3454089647279686,GRACE
2005-07-01,Nanded,-1.0596245010433833,GRACE
2005-07-01,Osmanabad,-1.3563935713863835,GRACE
2005-07-01,Aurangabad,-0.6350185748960717,GRACE
2005-07-01,Hingoli,-0.5843013115686196,GRACE
2005-07-01,Jalna,-0.5649658961071311,GRACE
2005-07-01,Parbhani,-0.7129293860204833,GRACE
2005-07-01,Pudukkottai,-0.9399315138233911,GRACE
2005-07-01,Ramanathapuram,-0.6454500988906096,GRACE
2005-07-01,Thanjavur,-0.9076206726427398,GRACE
2005-07-01,Cuddalore,-1.386872399496548,GRACE
2005-07-01,Nagapattinam,-0.9754702012721284,GRACE
2005-08-01,Hamirpur,14.212469573022114,GRACE
2005-08-01,Mahoba,13.751101887230563,GRACE
2005-08-01,Banda,15.018799220993872,GRACE
2005-08-01,Chitrakoot,16.058456919171395,GRACE
2005-08-01,Hamirpur,6.2099289894104,GRACE
2005-08-01,Aurangabad,20.997419802739643,GRACE
2005-08-01,Chhatarpur,13.984820600731652,GRACE
2005-08-01,Damoh,14.064360211862251,GRACE
2005-08-01,Datia,12.446416498095813,GRACE
2005-08-01,Panna,14.906878797496045,GRACE
2005-08-01,Sagar,13.057911036283441,GRACE
2005-08-01,Tikamgarh,12.931823413132877,GRACE
2005-08-01,Jalaun,13.699512041746479,GRACE
2005-08-01,Jhansi,13.067023301190982,GRACE
2005-08-01,Lalitpur,12.424438423207743,GRACE
2005-08-01,Latur,8.255103593140568,GRACE
2005-08-01,Nanded,9.879723165148857,GRACE
2005-08-01,Osmanabad,7.3879477687798385,GRACE
2005-08-01,Aurangabad,8.572279413523841,GRACE
2005-08-01,Hingoli,10.272505888167684,GRACE
2005-08-01,Jalna,9.10019911752179,GRACE
2005-08-01,Parbhani,9.317691992071026,GRACE
2005-08-01,Pudukkottai,-1.3650210712188178,GRACE
2005-08-01,Ramanathapuram,-0.7685912284142165,GRACE
2005-08-01,Thanjavur,-1.2895990235083734,GRACE
2005-08-01,Cuddalore,-1.6625800463563516,GRACE
2005-08-01,Nagapattinam,-1.332432783342931,GRACE
2005-09-01,Hamirpur,15.149738490478091,GRACE
2005-09-01,Mahoba,14.772382696177631,GRACE
2005-09-01,Banda,15.86369844609121,GRACE
2005-09-01,Chitrakoot,16.765060366621807,GRACE
2005-09-01,Hamirpur,6.191736698150635,GRACE
2005-09-01,Aurangabad,21.197030172307812,GRACE
2005-09-01,Chhatarpur,15.404584008066392,GRACE
2005-09-01,Damoh,15.933907191438104,GRACE
2005-09-01,Datia,13.488524655534329,GRACE
2005-09-01,Panna,16.382105897875217,GRACE
2005-09-01,Sagar,15.049655756253031,GRACE
2005-09-01,Tikamgarh,14.360223097402876,GRACE
2005-09-01,Jalaun,14.21864493101162,GRACE
2005-09-01,Jhansi,14.166811104139576,GRACE
2005-09-01,Lalitpur,14.198087400856522,GRACE
2005-09-01,Latur,11.423631929881845,GRACE
2005-09-01,Nanded,12.932026226275145,GRACE
2005-09-01,Osmanabad,10.593036549969167,GRACE
2005-09-01,Aurangabad,11.185934988588379,GRACE
2005-09-01,Hingoli,13.08945301721676,GRACE
2005-09-01,Jalna,11.77481083042924,GRACE
2005-09-01,Parbhani,12.154601702890973,GRACE
2005-09-01,Pudukkottai,-0.9721937834919252,GRACE
2005-09-01,Ramanathapuram,-1.1964516673999155,GRACE
2005-09-01,Thanjavur,-0.8502399608166058,GRACE
2005-09-01,Cuddalore,-0.5531718454414427,GRACE
2005-09-01,Nagapattinam,-0.7872107724541958,GRACE
2005-10-01,Hamirpur,12.24530437912004,GRACE
2005-10-01,Mahoba,11.933271860746743,GRACE
2005-10-01,Banda,12.778669440784446,GRACE
2005-10-01,Chitrakoot,13.389927390627903,GRACE
2005-10-01,Hamirpur,2.963663101196289,GRACE
2005-10-01,Aurangabad,16.672202952811112,GRACE
2005-10-01,Chhatarpur,11.650486763946937,GRACE
2005-10-01,Damoh,11.050354743729981,GRACE
2005-10-01,Datia,11.0616988860183,GRACE
2005-10-01,Panna,12.098465862869025,GRACE
2005-10-01,Sagar,10.383800869676236,GRACE
2005-10-01,Tikamgarh,11.028530199916911,GRACE
2005-10-01,Jalaun,12.050975009672937,GRACE
2005-10-01,Jhansi,11.448008805862045,GRACE
2005-10-01,Lalitpur,10.370309932059087,GRACE
2005-10-01,Latur,12.249809507124723,GRACE
2005-10-01,Nanded,13.224958814195865,GRACE
2005-10-01,Osmanabad,11.406525703819307,GRACE
2005-10-01,Aurangabad,10.517053950551455,GRACE
2005-10-01,Hingoli,12.75570255840235,GRACE
2005-10-01,Jalna,11.22212213823977,GRACE
2005-10-01,Parbhani,12.054533386496793,GRACE
2005-10-01,Pudukkottai,0.0858072845819448,GRACE
2005-10-01,Ramanathapuram,-0.6915704369015787,GRACE
2005-10-01,Thanjavur,0.19544998632431057,GRACE
2005-10-01,Cuddalore,1.165245547358106,GRACE
2005-10-01,Nagapattinam,0.3578760935730361,GRACE
2005-11-01,Hamirpur,7.717046120142552,GRACE
2005-11-01,Mahoba,7.624054732900551,GRACE
2005-11-01,Banda,7.8598732213534195,GRACE
2005-11-01,Chitrakoot,7.9754530358205145,GRACE
2005-11-01,Hamirpur,0.9866437911987305,GRACE
2005-11-01,Aurangabad,9.308899297084222,GRACE
2005-11-01,Chhatarpur,7.347875629466065,GRACE
2005-11-01,Damoh,7.071750207924944,GRACE
2005-11-01,Datia,7.337775311344897,GRACE
2005-11-01,Panna,7.490512247468796,GRACE
2005-11-01,Sagar,6.73332798021771,GRACE
2005-11-01,Tikamgarh,7.1448720347002155,GRACE
2005-11-01,Jalaun,7.843206003287668,GRACE
2005-11-01,Jhansi,7.436800130828176,GRACE
2005-11-01,Lalitpur,6.738917437680248,GRACE
2005-11-01,Latur,10.807892624230725,GRACE
2005-11-01,Nanded,10.809501828532891,GRACE
2005-11-01,Osmanabad,10.708248479437414,GRACE
2005-11-01,Aurangabad,8.887169897270615,GRACE
2005-11-01,Hingoli,10.107609180587243,GRACE
2005-11-01,Jalna,9.264875608424758,GRACE
2005-11-01,Parbhani,9.943602550187883,GRACE
2005-11-01,Pudukkottai,6.6960657740953105,GRACE
2005-11-01,Ramanathapuram,5.308477637041607,GRACE
2005-11-01,Thanjavur,6.769800317845354,GRACE
2005-11-01,Cuddalore,8.034612662322724,GRACE
2005-11-01,Nagapattinam,6.968710668188487,GRACE
2005-12-01,Hamirpur,4.158188026522462,GRACE
2005-12-01,Mahoba,4.178010597221877,GRACE
2005-12-01,Banda,4.116381606715621,GRACE
2005-12-01,Chitrakoot,3.9652154202034713,GRACE
2005-12-01,Hamirpur,-0.4977080821990967,GRACE
2005-12-01,Aurangabad,2.2768805365985707,GRACE
2005-12-01,Chhatarpur,3.91578450712327,GRACE
2005-12-01,Damoh,3.4969917464444187,GRACE
2005-12-01,Datia,4.24306317549854,GRACE
2005-12-01,Panna,3.9110136130055335,GRACE
2005-12-01,Sagar,3.2852740391509667,GRACE
2005-12-01,Tikamgarh,3.940343512992099,GRACE
2005-12-01,Jalaun,4.3024861767482365,GRACE
2005-12-01,Jhansi,4.1779473683296136,GRACE
2005-12-01,Lalitpur,3.61427101182904,GRACE
2005-12-01,Latur,5.493440319393575,GRACE
2005-12-01,Nanded,5.0682473401436745,GRACE
2005-12-01,Osmanabad,5.695191726058503,GRACE
2005-12-01,Aurangabad,3.81432201354159,GRACE
2005-12-01,Hingoli,4.516170460622331,GRACE
2005-12-01,Jalna,4.032779332608598,GRACE
2005-12-01,Parbhani,4.585443386039485,GRACE
2005-12-01,Pudukkottai,8.662064309580598,GRACE
2005-12-01,Ramanathapuram,6.901824090160694,GRACE
2005-12-01,Thanjavur,8.724928667446676,GRACE
2005-12-01,Cuddalore,9.712293945665369,GRACE
2005-12-01,Nagapattinam,8.876575780243233,GRACE
2006-01-01,Hamirpur,-0.8072428984020719,GRACE
2006-01-01,Mahoba,-0.6851677405595159,GRACE
2006-01-01,Banda,-1.0737501194113044,GRACE
2006-01-01,Chitrakoot,-1.511561943959753,GRACE
2006-01-01,Hamirpur,0.01246971357613802,GRACE
2006-01-01,Aurangabad,-4.358631647990348,GRACE
2006-01-01,Chhatarpur,-1.3198465942253828,GRACE
2006-01-01,Damoh,-2.0323626420847507,GRACE
2006-01-01,Datia,-0.2561723715279902,GRACE
2006-01-01,Panna,-1.7178015474889903,GRACE
2006-01-01,Sagar,-2.021604143004394,GRACE
2006-01-01,Tikamgarh,-0.9782093574599926,GRACE
2006-01-01,Jalaun,-0.12935178109410728,GRACE
2006-01-01,Jhansi,-0.5436310533527543,GRACE
2006-01-01,Lalitpur,-1.3954569156072576,GRACE
2006-01-01,Latur,0.4163898118313971,GRACE
2006-01-01,Nanded,-0.337350531671335,GRACE
2006-01-01,Osmanabad,0.78890699586917,GRACE
2006-01-01,Aurangabad,-0.596993840990903,GRACE
2006-01-01,Hingoli,-0.6544102421362937,GRACE
2006-01-01,Jalna,-0.5862281885734976,GRACE
2006-01-01,Parbhani,-0.31805461871227275,GRACE
2006-01-01,Pudukkottai,5.164733737246613,GRACE
2006-01-01,Ramanathapuram,4.617306669200325,GRACE
2006-01-01,Thanjavur,5.170045348871841,GRACE
2006-01-01,Cuddalore,5.340338666537633,GRACE
2006-01-01,Nagapattinam,5.193251604793061,GRACE
2006-02-01,Hamirpur,-4.74276294824871,GRACE
2006-02-01,Mahoba,-4.545832126727659,GRACE
2006-02-01,Banda,-5.148828405350635,GRACE
2006-02-01,Chitrakoot,-5.787355955861029,GRACE
2006-02-01,Hamirpur,-0.12653543055057526,GRACE
2006-02-01,Aurangabad,-9.75225769984992,GRACE
2006-02-01,Chhatarpur,-5.249433411908692,GRACE
2006-02-01,Damoh,-6.052848866979492,GRACE
2006-02-01,Datia,-3.901576179255992,GRACE
2006-02-01,Panna,-5.77442947429259,GRACE
2006-02-01,Sagar,-5.971065257828642,GRACE
2006-02-01,Tikamgarh,-4.763113054217513,GRACE
2006-02-01,Jalaun,-3.8916440643249817,GRACE
2006-02-01,Jhansi,-4.307776568792655,GRACE
2006-02-01,Lalitpur,-5.180992949470342,GRACE
2006-02-01,Latur,-3.9968266221369935,GRACE
2006-02-01,Nanded,-5.302880222522118,GRACE
2006-02-01,Osmanabad,-3.3003166350889113,GRACE
2006-02-01,Aurangabad,-4.958622091008684,GRACE
2006-02-01,Hingoli,-5.629118715473501,GRACE
2006-02-01,Jalna,-5.091968417190186,GRACE
2006-02-01,Parbhani,-4.95497734415717,GRACE
2006-02-01,Pudukkottai,1.7924180658301618,GRACE
2006-02-01,Ramanathapuram,1.0205949831643948,GRACE
2006-02-01,Thanjavur,1.8617184317923228,GRACE
2006-02-01,Cuddalore,2.176443329706172,GRACE
2006-02-01,Nagapattinam,1.9159320164224012,GRACE
2006-03-01,Hamirpur,-8.235600297119879,GRACE
2006-03-01,Mahoba,-7.927638592317967,GRACE
2006-03-01,Banda,-8.821848609940984,GRACE
2006-03-01,Chitrakoot,-9.64872565849112,GRACE
2006-03-01,Hamirpur,0.9699398279190063,GRACE
2006-03-01,Aurangabad,-14.09077730476824,GRACE
2006-03-01,Chhatarpur,-8.402265065887558,GRACE
2006-03-01,Damoh,-8.757215865405135,GRACE
2006-03-01,Datia,-6.9635994060288455,GRACE
2006-03-01,Panna,-9.024489701628347,GRACE
2006-03-01,Sagar,-8.393188357972427,GRACE
2006-03-01,Tikamgarh,-7.709952626500005,GRACE
2006-03-01,Jalaun,-7.393169947687141,GRACE
2006-03-01,Jhansi,-7.504649514607399,GRACE
2006-03-01,Lalitpur,-7.783835042051495,GRACE
2006-03-01,Latur,-5.1935506916319945,GRACE
2006-03-01,Nanded,-6.660919613509393,GRACE
2006-03-01,Osmanabad,-4.430666422575651,GRACE
2006-03-01,Aurangabad,-6.007874322526246,GRACE
2006-03-01,Hingoli,-6.9608754672014745,GRACE
2006-03-01,Jalna,-6.230612723088191,GRACE
2006-03-01,Parbhani,-6.172526753389864,GRACE
2006-03-01,Pudukkottai,-1.0670528135552313,GRACE
2006-03-01,Ramanathapuram,-1.0964044713632723,GRACE
2006-03-01,Thanjavur,-1.306601986427154,GRACE
2006-03-01,Cuddalore,-1.4627030673942618,GRACE
2006-03-01,Nagapattinam,-1.3684135150486427,GRACE
2006-04-01,Hamirpur,-9.699538766475962,GRACE
2006-04-01,Mahoba,-9.427158419259506,GRACE
2006-04-01,Banda,-10.251468352188118,GRACE
2006-04-01,Chitrakoot,-11.029596370403919,GRACE
2006-04-01,Hamirpur,0.6880032420158386,GRACE
2006-04-01,Aurangabad,-16.04112952489417,GRACE
2006-04-01,Chhatarpur,-10.10580203505402,GRACE
2006-04-01,Damoh,-10.644688246581204,GRACE
2006-04-01,Datia,-8.465534132329662,GRACE
2006-04-01,Panna,-10.859661474746497,GRACE
2006-04-01,Sagar,-10.27270823866518,GRACE
2006-04-01,Tikamgarh,-9.379491635428908,GRACE
2006-04-01,Jalaun,-8.682438994605548,GRACE
2006-04-01,Jhansi,-9.02726615079598,GRACE
2006-04-01,Lalitpur,-9.573082908855872,GRACE
2006-04-01,Latur,-6.280106451738257,GRACE
2006-04-01,Nanded,-7.572435450299118,GRACE
2006-04-01,Osmanabad,-5.708094477811658,GRACE
2006-04-01,Aurangabad,-7.409662051554078,GRACE
2006-04-01,Hingoli,-7.917638591064966,GRACE
2006-04-01,Jalna,-7.47165170219024,GRACE
2006-04-01,Parbhani,-7.247327591142791,GRACE
2006-04-01,Pudukkottai,-0.09439385284596366,GRACE
2006-04-01,Ramanathapuram,-0.23060262007535864,GRACE
2006-04-01,Thanjavur,0.044316769099372995,GRACE
2006-04-01,Cuddalore,0.1270552656516047,GRACE
2006-04-01,Nagapattinam,0.0779046536160994,GRACE
2006-05-01,Hamirpur,-13.815909311770016,GRACE
2006-05-01,Mahoba,-13.656400060517097,GRACE
2006-05-01,Banda,-14.170813855955972,GRACE
2006-05-01,Chitrakoot,-14.587624785987614,GRACE
2006-05-01,Hamirpur,-3.119253635406494,GRACE
2006-05-01,Aurangabad,-17.485238561631288,GRACE
2006-05-01,Chhatarpur,-14.172449869354898,GRACE
2006-05-01,Damoh,-14.512049662924186,GRACE
2006-05-01,Datia,-12.89310917995417,GRACE
2006-05-01,Panna,-14.73570503372519,GRACE
2006-05-01,Sagar,-14.177501677901605,GRACE
2006-05-01,Tikamgarh,-13.621217507126026,GRACE
2006-05-01,Jalaun,-12.93142012775247,GRACE
2006-05-01,Jhansi,-13.357700202192769,GRACE
2006-05-01,Lalitpur,-13.734396712634027,GRACE
2006-05-01,Latur,-9.51147397352692,GRACE
2006-05-01,Nanded,-10.767403638816415,GRACE
2006-05-01,Osmanabad,-8.895828952332877,GRACE
2006-05-01,Aurangabad,-10.779611370021572,GRACE
2006-05-01,Hingoli,-11.151319055198767,GRACE
2006-05-01,Jalna,-10.80044482877253,GRACE
2006-05-01,Parbhani,-10.519796720182503,GRACE
2006-05-01,Pudukkottai,-1.1967867633306364,GRACE
2006-05-01,Ramanathapuram,-1.2803352144041407,GRACE
2006-05-01,Thanjavur,-1.2009766331738863,GRACE
2006-05-01,Cuddalore,-1.1500361403469952,GRACE
2006-05-01,Nagapattinam,-1.1937342186436448,GRACE
2006-06-01,Hamirpur,-8.2370348737859,GRACE
2006-06-01,Mahoba,-8.47150719289035,GRACE
2006-06-01,Banda,-7.917704075428384,GRACE
2006-06-01,Chitrakoot,-7.523945046564854,GRACE
2006-06-01,Hamirpur,-2.7840685844421387,GRACE
2006-06-01,Aurangabad,-6.365794671704441,GRACE
2006-06-01,Chhatarpur,-9.258930894153034,GRACE
2006-06-01,Damoh,-10.577964844517615,GRACE
2006-06-01,Datia,-8.838736792372167,GRACE
2006-06-01,Panna,-9.39091122088457,GRACE
2006-06-01,Sagar,-10.923703507776976,GRACE
2006-06-01,Tikamgarh,-9.470454263137132,GRACE
2006-06-01,Jalaun,-7.694668874027656,GRACE
2006-06-01,Jhansi,-8.772688659386382,GRACE
2006-06-01,Lalitpur,-10.262575488389169,GRACE
2006-06-01,Latur,-7.454617417572556,GRACE
2006-06-01,Nanded,-8.592315264261702,GRACE
2006-06-01,Osmanabad,-6.913788079430524,GRACE
2006-06-01,Aurangabad,-10.130889573336162,GRACE
2006-06-01,Hingoli,-9.435727095048259,GRACE
2006-06-01,Jalna,-9.810774369161434,GRACE
2006-06-01,Parbhani,-9.012726572438226,GRACE
2006-06-01,Pudukkottai,-0.3490502435566894,GRACE
2006-06-01,Ramanathapuram,-0.6216691653297352,GRACE
2006-06-01,Thanjavur,-0.20619631140224814,GRACE
2006-06-01,Cuddalore,0.2130159555549963,GRACE
2006-06-01,Nagapattinam,-0.11991809356301665,GRACE
2006-07-01,Hamirpur,0.22527464501061725,GRACE
2006-07-01,Mahoba,-0.21791195038365968,GRACE
2006-07-01,Banda,0.9316829822546535,GRACE
2006-07-01,Chitrakoot,1.814323715044083,GRACE
2006-07-01,Hamirpur,-0.06919050961732864,GRACE
2006-07-01,Aurangabad,5.443004790686674,GRACE
2006-07-01,Chhatarpur,-0.5905079945156935,GRACE
2006-07-01,Damoh,-1.2479090215318385,GRACE
2006-07-01,Datia,-1.224969685772389,GRACE
2006-07-01,Panna,-0.16634487823025734,GRACE
2006-07-01,Sagar,-1.9175905850948887,GRACE
2006-07-01,Tikamgarh,-1.3318599715740354,GRACE
2006-07-01,Jalaun,0.3346842250110113,GRACE
2006-07-01,Jhansi,-0.8252041314513239,GRACE
2006-07-01,Lalitpur,-2.0584941772656236,GRACE
2006-07-01,Latur,1.1479631412508444,GRACE
2006-07-01,Nanded,1.0414872160905286,GRACE
2006-07-01,Osmanabad,1.1662171066823643,GRACE
2006-07-01,Aurangabad,-0.27736378320054533,GRACE
2006-07-01,Hingoli,0.7356373515653335,GRACE
2006-07-01,Jalna,0.1225906685839275,GRACE
2006-07-01,Parbhani,0.6763189753141683,GRACE
2006-07-01,Pudukkottai,0.2834178575431614,GRACE
2006-07-01,Ramanathapuram,-0.47997927021496456,GRACE
2006-07-01,Thanjavur,0.42329739247434633,GRACE
2006-07-01,Cuddalore,1.312652644279042,GRACE
2006-07-01,Nagapattinam,0.5784908454526341,GRACE
2006-08-01,Hamirpur,13.872080704579421,GRACE
2006-08-01,Mahoba,13.867598089160415,GRACE
2006-08-01,Banda,14.015992695431242,GRACE
2006-08-01,Chitrakoot,14.217357522194533,GRACE
2006-08-01,Hamirpur,5.0010576248168945,GRACE
2006-08-01,Aurangabad,16.530776240294887,GRACE
2006-08-01,Chhatarpur,15.31097079706064,GRACE
2006-08-01,Damoh,17.445779561184477,GRACE
2006-08-01,Datia,13.353424002776794,GRACE
2006-08-01,Panna,16.069218036223777,GRACE
2006-08-01,Sagar,17.4233030040941,GRACE
2006-08-01,Tikamgarh,14.855016067168881,GRACE
2006-08-01,Jalaun,12.541896837891992,GRACE
2006-08-01,Jhansi,13.797894176068738,GRACE
2006-08-01,Lalitpur,15.869922749413973,GRACE
2006-08-01,Latur,14.36372847694955,GRACE
2006-08-01,Nanded,16.957617213173418,GRACE
2006-08-01,Osmanabad,12.844768881862228,GRACE
2006-08-01,Aurangabad,15.879020859594347,GRACE
2006-08-01,Hingoli,17.5221679732104,GRACE
2006-08-01,Jalna,16.299410204794604,GRACE
2006-08-01,Parbhani,16.1721239629279,GRACE
2006-08-01,Pudukkottai,-0.22819983327260102,GRACE
2006-08-01,Ramanathapuram,-0.887588319273655,GRACE
2006-08-01,Thanjavur,-0.14860212207244794,GRACE
2006-08-01,Cuddalore,0.5962234132759373,GRACE
2006-08-01,Nagapattinam,-0.02491288113089423,GRACE
2006-09-01,Hamirpur,17.09952008876881,GRACE
2006-09-01,Mahoba,17.072298000514806,GRACE
2006-09-01,Banda,17.32229435070913,GRACE
2006-09-01,Chitrakoot,17.659860390916883,GRACE
2006-09-01,Hamirpur,5.555224895477295,GRACE
2006-09-01,Aurangabad,20.862734786264706,GRACE
2006-09-01,Chhatarpur,18.836041573933617,GRACE
2006-09-01,Damoh,21.23303172007671,GRACE
2006-09-01,Datia,16.40938612084892,GRACE
2006-09-01,Panna,19.792223931312172,GRACE
2006-09-01,Sagar,21.190566987477677,GRACE
2006-09-01,Tikamgarh,18.256850462683182,GRACE
2006-09-01,Jalaun,15.378645880995046,GRACE
2006-09-01,Jhansi,16.976260442654066,GRACE
2006-09-01,Lalitpur,19.476706698778056,GRACE
2006-09-01,Latur,15.940863174283171,GRACE
2006-09-01,Nanded,18.761609083163247,GRACE
2006-09-01,Osmanabad,14.27482358883665,GRACE
2006-09-01,Aurangabad,18.01748840021066,GRACE
2006-09-01,Hingoli,19.564161598518695,GRACE
2006-09-01,Jalna,18.432307132178256,GRACE
2006-09-01,Parbhani,18.14349034533324,GRACE
2006-09-01,Pudukkottai,-0.3988980330948971,GRACE
2006-09-01,Ramanathapuram,-1.1664325340564405,GRACE
2006-09-01,Thanjavur,-0.4240974688688987,GRACE
2006-09-01,Cuddalore,0.27356097902045357,GRACE
2006-09-01,Nagapattinam,-0.32461774415306033,GRACE
2006-10-01,Hamirpur,9.899314971381079,GRACE
2006-10-01,Mahoba,9.821320261274064,GRACE
2006-10-01,Banda,10.174930995364655,GRACE
2006-10-01,Chitrakoot,10.598856200318817,GRACE
2006-10-01,Hamirpur,-0.10182177275419235,GRACE
2006-10-01,Aurangabad,14.008325799605256,GRACE
2006-10-01,Chhatarpur,11.403539125292275,GRACE
2006-10-01,Damoh,13.7553323353382,GRACE
2006-10-01,Datia,9.197351603851445,GRACE
2006-10-01,Panna,12.320499156389845,GRACE
2006-10-01,Sagar,13.721809032168222,GRACE
2006-10-01,Tikamgarh,10.834119845153324,GRACE
2006-10-01,Jalaun,8.459736535043428,GRACE
2006-10-01,Jhansi,9.695689788967119,GRACE
2006-10-01,Lalitpur,11.92317553955765,GRACE
2006-10-01,Latur,14.262204445611259,GRACE
2006-10-01,Nanded,16.082103527419246,GRACE
2006-10-01,Osmanabad,13.071671728033213,GRACE
2006-10-01,Aurangabad,15.243126339417222,GRACE
2006-10-01,Hingoli,16.560808693512275,GRACE
2006-10-01,Jalna,15.643532400790683,GRACE
2006-10-01,Parbhani,15.627841045392067,GRACE
2006-10-01,Pudukkottai,1.8172106845002074,GRACE
2006-10-01,Ramanathapuram,1.199505053896644,GRACE
2006-10-01,Thanjavur,1.850776505974281,GRACE
2006-10-01,Cuddalore,2.5376308382016934,GRACE
2006-10-01,Nagapattinam,1.9592822575771376,GRACE
2006-11-01,Hamirpur,4.852800924620588,GRACE
2006-11-01,Mahoba,4.984296605274915,GRACE
2006-11-01,Banda,4.739000936933635,GRACE
2006-11-01,Chitrakoot,4.661371763146253,GRACE
2006-11-01,Hamirpur,-1.3200651407241821,GRACE
2006-11-01,Aurangabad,5.289441422522165,GRACE
2006-11-01,Chhatarpur,6.137974467117897,GRACE
2006-11-01,Damoh,7.956996792564713,GRACE
2006-11-01,Datia,5.0278817710099055,GRACE
2006-11-01,Panna,6.491721787151457,GRACE
2006-11-01,Sagar,8.331859435356925,GRACE
2006-11-01,Tikamgarh,6.1216162442577655,GRACE
2006-11-01,Jalaun,3.8898809135299417,GRACE
2006-11-01,Jhansi,5.169843854678375,GRACE
2006-11-01,Lalitpur,7.180515595979039,GRACE
2006-11-01,Latur,10.544792501236001,GRACE
2006-11-01,Nanded,11.412849325487905,GRACE
2006-11-01,Osmanabad,9.932677510130183,GRACE
2006-11-01,Aurangabad,11.232834041092644,GRACE
2006-11-01,Hingoli,11.674362368068405,GRACE
2006-11-01,Jalna,11.347788637355128,GRACE
2006-11-01,Parbhani,11.257570320155583,GRACE
2006-11-01,Pudukkottai,5.061070313779985,GRACE
2006-11-01,Ramanathapuram,4.582308005543588,GRACE
2006-11-01,Thanjavur,4.85615898655627,GRACE
2006-11-01,Cuddalore,4.87870064964642,GRACE
2006-11-01,Nagapattinam,4.824256775230944,GRACE
2006-12-01,Hamirpur,0.40028947650909785,GRACE
2006-12-01,Mahoba,0.6533176123396235,GRACE
2006-12-01,Banda,0.04259582109306943,GRACE
2006-12-01,Chitrakoot,-0.35320521468476074,GRACE
2006-12-01,Hamirpur,0.23296867311000824,GRACE
2006-12-01,Aurangabad,-1.5857179525388572,GRACE
2006-12-01,Chhatarpur,1.5292072416788949,GRACE
2006-12-01,Damoh,3.099535743074564,GRACE
2006-12-01,Datia,1.1359184728212561,GRACE
2006-12-01,Panna,1.6016911006320729,GRACE
2006-12-01,Sagar,3.5849692708464778,GRACE
2006-12-01,Tikamgarh,1.8218806149533726,GRACE
2006-12-01,Jalaun,-0.11145816850416518,GRACE
2006-12-01,Jhansi,1.0199614298874955,GRACE
2006-12-01,Lalitpur,2.7793576859236593,GRACE
2006-12-01,Latur,5.120649456953394,GRACE
2006-12-01,Nanded,5.649018595829372,GRACE
2006-12-01,Osmanabad,4.745453879778275,GRACE
2006-12-01,Aurangabad,6.070666515922405,GRACE
2006-12-01,Hingoli,5.916161097640529,GRACE
2006-12-01,Jalna,5.985751157015953,GRACE
2006-12-01,Parbhani,5.719990178155486,GRACE
2006-12-01,Pudukkottai,3.419586715592199,GRACE
2006-12-01,Ramanathapuram,3.060524640750314,GRACE
2006-12-01,Thanjavur,3.576659645695722,GRACE
2006-12-01,Cuddalore,3.293598583718657,GRACE
2006-12-01,Nagapattinam,3.5539253629624046,GRACE
2007-01-01,Hamirpur,-2.8500444018170032,GRACE
2007-01-01,Mahoba,-2.4559831896314055,GRACE
2007-01-01,Banda,-3.479087006871817,GRACE
2007-01-01,Chitrakoot,-4.187834992266576,GRACE
2007-01-01,Hamirpur,-1.3231682777404785,GRACE
2007-01-01,Aurangabad,-6.857452692218904,GRACE
2007-01-01,Chhatarpur,-1.9420958024103652,GRACE
2007-01-01,Damoh,-0.7348607921659498,GRACE
2007-01-01,Datia,-1.4270154446246965,GRACE
2007-01-01,Panna,-2.1812438018640874,GRACE
2007-01-01,Sagar,-0.08831798581061345,GRACE
2007-01-01,Tikamgarh,-1.2552800949388179,GRACE
2007-01-01,Jalaun,-2.914164786814837,GRACE
2007-01-01,Jhansi,-1.855360793220631,GRACE
2007-01-01,Lalitpur,-0.43608080490553247,GRACE
2007-01-01,Latur,2.43307561225046,GRACE
2007-01-01,Nanded,2.5439262517358565,GRACE
2007-01-01,Osmanabad,2.2301047771933336,GRACE
2007-01-01,Aurangabad,2.8388882373499533,GRACE
2007-01-01,Hingoli,2.609454213511126,GRACE
2007-01-01,Jalna,2.746273529624165,GRACE
2007-01-01,Parbhani,2.6081547025250416,GRACE
2007-01-01,Pudukkottai,2.8045279557098097,GRACE
2007-01-01,Ramanathapuram,2.8551733065912925,GRACE
2007-01-01,Thanjavur,2.651964133421328,GRACE
2007-01-01,Cuddalore,2.2244676512776347,GRACE
2007-01-01,Nagapattinam,2.562205847854531,GRACE
2007-02-01,Hamirpur,-3.104668597155423,GRACE
2007-02-01,Mahoba,-2.7495103657713336,GRACE
2007-02-01,Banda,-3.7057822309623325,GRACE
2007-02-01,Chitrakoot,-4.448394988080777,GRACE
2007-02-01,Hamirpur,1.2072540521621704,GRACE
2007-02-01,Aurangabad,-8.191867999791299,GRACE
2007-02-01,Chhatarpur,-2.5443226608107965,GRACE
2007-02-01,Damoh,-1.839585912202111,GRACE
2007-02-01,Datia,-1.7510326907230045,GRACE
2007-02-01,Panna,-2.9730330406666186,GRACE
2007-02-01,Sagar,-1.1894526116623991,GRACE
2007-02-01,Tikamgarh,-1.847227301975932,GRACE
2007-02-01,Jalaun,-2.860387426342456,GRACE
2007-02-01,Jhansi,-2.2119169258307614,GRACE
2007-02-01,Lalitpur,-1.2546678364486612,GRACE
2007-02-01,Latur,0.2472000615642626,GRACE
2007-02-01,Nanded,0.011386396104491353,GRACE
2007-02-01,Osmanabad,0.2573981993788173,GRACE
2007-02-01,Aurangabad,0.6732638793616686,GRACE
2007-02-01,Hingoli,0.21771846643871143,GRACE
2007-02-01,Jalna,0.590446503746719,GRACE
2007-02-01,Parbhani,0.41884155076084667,GRACE
2007-02-01,Pudukkottai,1.3505408407164043,GRACE
2007-02-01,Ramanathapuram,1.7388964935065314,GRACE
2007-02-01,Thanjavur,1.2455764941613436,GRACE
2007-02-01,Cuddalore,0.7767260040782431,GRACE
2007-02-01,Nagapattinam,1.1594974108080336,GRACE
2007-03-01,Hamirpur,-2.906574445490618,GRACE
2007-03-01,Mahoba,-2.604591390741824,GRACE
2007-03-01,Banda,-3.4642632071774897,GRACE
2007-03-01,Chitrakoot,-4.196491777924223,GRACE
2007-03-01,Hamirpur,7.995412349700928,GRACE
2007-03-01,Aurangabad,-8.53690386612437,GRACE
2007-03-01,Chhatarpur,-2.8002383039645693,GRACE
2007-03-01,Damoh,-2.7311432253494323,GRACE
2007-03-01,Datia,-1.6465289555968412,GRACE
2007-03-01,Panna,-3.3929491658441444,GRACE
2007-03-01,Sagar,-2.1586772955022906,GRACE
2007-03-01,Tikamgarh,-2.0970506675840888,GRACE
2007-03-01,Jalaun,-2.283217359498691,GRACE
2007-03-01,Jhansi,-2.1439550135793133,GRACE
2007-03-01,Lalitpur,-1.8312729821752112,GRACE
2007-03-01,Latur,-0.8287209801320855,GRACE
2007-03-01,Nanded,-1.1343839949016936,GRACE
2007-03-01,Osmanabad,-0.9056013052185055,GRACE
2007-03-01,Aurangabad,-0.914507888074621,GRACE
2007-03-01,Hingoli,-1.0830942072038008,GRACE
2007-03-01,Jalna,-0.898062787475668,GRACE
2007-03-01,Parbhani,-0.8800605727658315,GRACE
2007-03-01,Pudukkottai,-0.21972496901263322,GRACE
2007-03-01,Ramanathapuram,-0.17112354696482762,GRACE
2007-03-01,Thanjavur,-0.1526515501071877,GRACE
2007-03-01,Cuddalore,-0.3350090322247234,GRACE
2007-03-01,Nagapattinam,-0.16991313104823944,GRACE
2007-04-01,Hamirpur,-9.816988471597815,GRACE
2007-04-01,Mahoba,-9.454428729804313,GRACE
2007-04-01,Banda,-10.452163176258647,GRACE
2007-04-01,Chitrakoot,-11.2033958206483,GRACE
2007-04-01,Hamirpur,2.857651472091675,GRACE
2007-04-01,Aurangabad,-15.186004419354619,GRACE
2007-04-01,Chhatarpur,-9.28905447346774,GRACE
2007-04-01,Damoh,-8.64046451513482,GRACE
2007-04-01,Datia,-8.342867572636393,GRACE
2007-04-01,Panna,-9.777803562584518,GRACE
2007-04-01,Sagar,-7.97762420708156,GRACE
2007-04-01,Tikamgarh,-8.534417434307048,GRACE
2007-04-01,Jalaun,-9.388904335571791,GRACE
2007-04-01,Jhansi,-8.87917375232516,GRACE
2007-04-01,Lalitpur,-7.951235266355962,GRACE
2007-04-01,Latur,-5.860403546771616,GRACE
2007-04-01,Nanded,-6.660322192849779,GRACE
2007-04-01,Osmanabad,-5.586840260990081,GRACE
2007-04-01,Aurangabad,-5.624262698370213,GRACE
2007-04-01,Hingoli,-6.5229175724863815,GRACE
2007-04-01,Jalna,-5.82200890580175,GRACE
2007-04-01,Parbhani,-6.009963384167325,GRACE
2007-04-01,Pudukkottai,-1.7841383898680228,GRACE
2007-04-01,Ramanathapuram,-1.0757561118992847,GRACE
2007-04-01,Thanjavur,-1.7686599519574588,GRACE
2007-04-01,Cuddalore,-2.5394786438410657,GRACE
2007-04-01,Nagapattinam,-1.8810191598256527,GRACE
2007-05-01,Hamirpur,-12.169621585469928,GRACE
2007-05-01,Mahoba,-11.927420375029111,GRACE
2007-05-01,Banda,-12.615596100014832,GRACE
2007-05-01,Chitrakoot,-13.07753731045154,GRACE
2007-05-01,Hamirpur,-0.3685307204723358,GRACE
2007-05-01,Aurangabad,-15.62645326076759,GRACE
2007-05-01,Chhatarpur,-11.986186623447075,GRACE
2007-05-01,Damoh,-11.79356599120856,GRACE
2007-05-01,Datia,-11.007320798089024,GRACE
2007-05-01,Panna,-12.468121912802564,GRACE
2007-05-01,Sagar,-11.230931190083783,GRACE
2007-05-01,Tikamgarh,-11.345785086457443,GRACE
2007-05-01,Jalaun,-11.694428733340997,GRACE
2007-05-01,Jhansi,-11.478120137323574,GRACE
2007-05-01,Lalitpur,-11.000227955006785,GRACE
2007-05-01,Latur,-9.44109879295976,GRACE
2007-05-01,Nanded,-9.957103631387628,GRACE
2007-05-01,Osmanabad,-9.272644919556226,GRACE
2007-05-01,Aurangabad,-9.584127381268669,GRACE
2007-05-01,Hingoli,-10.047089777589262,GRACE
2007-05-01,Jalna,-9.707309741188306,GRACE
2007-05-01,Parbhani,-9.739993353291721,GRACE
2007-05-01,Pudukkottai,-1.9784739919718917,GRACE
2007-05-01,Ramanathapuram,-1.1836079135604645,GRACE
2007-05-01,Thanjavur,-1.9650959048690557,GRACE
2007-05-01,Cuddalore,-2.9604008358178153,GRACE
2007-05-01,Nagapattinam,-2.1124339487365074,GRACE
2007-06-01,Hamirpur,-11.768939109889871,GRACE
2007-06-01,Mahoba,-11.715532339796628,GRACE
2007-06-01,Banda,-11.915314726015882,GRACE
2007-06-01,Chitrakoot,-11.860181626158026,GRACE
2007-06-01,Hamirpur,-0.4814678132534027,GRACE
2007-06-01,Aurangabad,-10.619716576130692,GRACE
2007-06-01,Chhatarpur,-11.906394568349535,GRACE
2007-06-01,Damoh,-11.779231179070237,GRACE
2007-06-01,Datia,-11.062395923301402,GRACE
2007-06-01,Panna,-12.146954821377264,GRACE
2007-06-01,Sagar,-11.47362904255245,GRACE
2007-06-01,Tikamgarh,-11.50874070684546,GRACE
2007-06-01,Jalaun,-11.187810173292855,GRACE
2007-06-01,Jhansi,-11.455605022356039,GRACE
2007-06-01,Lalitpur,-11.421849134553911,GRACE
2007-06-01,Latur,-7.133732978661002,GRACE
2007-06-01,Nanded,-7.520551646165315,GRACE
2007-06-01,Osmanabad,-7.054592210850163,GRACE
2007-06-01,Aurangabad,-8.480509185687128,GRACE
2007-06-01,Hingoli,-7.9472029217182145,GRACE
2007-06-01,Jalna,-8.263897380057704,GRACE
2007-06-01,Parbhani,-7.829044368202139,GRACE
2007-06-01,Pudukkottai,-3.4255155698128905,GRACE
2007-06-01,Ramanathapuram,-2.8902203815530707,GRACE
2007-06-01,Thanjavur,-3.44278760601055,GRACE
2007-06-01,Cuddalore,-3.58058638946945,GRACE
2007-06-01,Nagapattinam,-3.462467850678515,GRACE
2007-07-01,Hamirpur,0.3754893127605067,GRACE
2007-07-01,Mahoba,0.29596301504217215,GRACE
2007-07-01,Banda,0.5746815007255835,GRACE
2007-07-01,Chitrakoot,1.0625635068009207,GRACE
2007-07-01,Hamirpur,2.56840181350708,GRACE
2007-07-01,Aurangabad,5.641964179346375,GRACE
2007-07-01,Chhatarpur,1.5358929738682747,GRACE
2007-07-01,Damoh,3.762712429269715,GRACE
2007-07-01,Datia,0.13206286541597595,GRACE
2007-07-01,Panna,2.211978697951962,GRACE
2007-07-01,Sagar,3.8791565152354948,GRACE
2007-07-01,Tikamgarh,1.2328565489824985,GRACE
2007-07-01,Jalaun,-0.30978819741879665,GRACE
2007-07-01,Jhansi,0.30044382376425116,GRACE
2007-07-01,Lalitpur,2.2053460979507804,GRACE
2007-07-01,Latur,6.2918384034825285,GRACE
2007-07-01,Nanded,7.728367568332106,GRACE
2007-07-01,Osmanabad,5.458336409113809,GRACE
2007-07-01,Aurangabad,6.139990886433364,GRACE
2007-07-01,Hingoli,7.7126825679221325,GRACE
2007-07-01,Jalna,6.5932597523259915,GRACE
2007-07-01,Parbhani,6.863954505755061,GRACE
2007-07-01,Pudukkottai,-1.5743271925883862,GRACE
2007-07-01,Ramanathapuram,-1.9939402906137393,GRACE
2007-07-01,Thanjavur,-1.5609566004478956,GRACE
2007-07-01,Cuddalore,-0.689287218374227,GRACE
2007-07-01,Nagapattinam,-1.4256556720856461,GRACE
2007-08-01,Hamirpur,12.349345510108192,GRACE
2007-08-01,Mahoba,11.916859003181758,GRACE
2007-08-01,Banda,13.179474830925061,GRACE
2007-08-01,Chitrakoot,14.379407985494767,GRACE
2007-08-01,Hamirpur,5.2281813621521,GRACE
2007-08-01,Aurangabad,21.563313501411443,GRACE
2007-08-01,Chhatarpur,13.241117728672151,GRACE
2007-08-01,Damoh,15.061903210527014,GRACE
2007-08-01,Datia,10.561906580815828,GRACE
2007-08-01,Panna,14.363981536367987,GRACE
2007-08-01,Sagar,14.724542009886573,GRACE
2007-08-01,Tikamgarh,12.161234768784496,GRACE
2007-08-01,Jalaun,11.072095889602142,GRACE
2007-08-01,Jhansi,11.34465444625918,GRACE
2007-08-01,Lalitpur,12.855000132896967,GRACE
2007-08-01,Latur,12.787515528579528,GRACE
2007-08-01,Nanded,14.895933210897477,GRACE
2007-08-01,Osmanabad,11.682433657046113,GRACE
2007-08-01,Aurangabad,14.072551786821652,GRACE
2007-08-01,Hingoli,15.357877830485002,GRACE
2007-08-01,Jalna,14.384967439277805,GRACE
2007-08-01,Parbhani,14.236890446454499,GRACE
2007-08-01,Pudukkottai,1.187537282966025,GRACE
2007-08-01,Ramanathapuram,0.3780200955557377,GRACE
2007-08-01,Thanjavur,1.386926446542087,GRACE
2007-08-01,Cuddalore,2.8485988389384778,GRACE
2007-08-01,Nagapattinam,1.6404092474193774,GRACE
2007-09-01,Hamirpur,13.324870884915887,GRACE
2007-09-01,Mahoba,12.89479752183183,GRACE
2007-09-01,Banda,14.18151516969056,GRACE
2007-09-01,Chitrakoot,15.470286282049406,GRACE
2007-09-01,Hamirpur,3.0025863647460938,GRACE
2007-09-01,Aurangabad,24.131301675104222,GRACE
2007-09-01,Chhatarpur,14.48532145029366,GRACE
2007-09-01,Damoh,16.7490681951886,GRACE
2007-09-01,Datia,11.496097854766548,GRACE
2007-09-01,Panna,15.903307382510409,GRACE
2007-09-01,Sagar,16.222988188771684,GRACE
2007-09-01,Tikamgarh,13.294646420923828,GRACE
2007-09-01,Jalaun,11.811405915587596,GRACE
2007-09-01,Jhansi,12.324079624723256,GRACE
2007-09-01,Lalitpur,14.053130885063139,GRACE
2007-09-01,Latur,17.010645324133563,GRACE
2007-09-01,Nanded,19.14466805288606,GRACE
2007-09-01,Osmanabad,15.641832539176624,GRACE
2007-09-01,Aurangabad,17.667513240829443,GRACE
2007-09-01,Hingoli,19.476408254274208,GRACE
2007-09-01,Jalna,18.20079336088906,GRACE
2007-09-01,Parbhani,18.331972167357083,GRACE
2007-09-01,Pudukkottai,0.4167450190969581,GRACE
2007-09-01,Ramanathapuram,-0.28902611268195244,GRACE
2007-09-01,Thanjavur,0.44431278129427676,GRACE
2007-09-01,Cuddalore,1.705395317445206,GRACE
2007-09-01,Nagapattinam,0.6408971822147711,GRACE
2007-10-01,Hamirpur,6.941613069991477,GRACE
2007-10-01,Mahoba,6.588754928487665,GRACE
2007-10-01,Banda,7.665422143360991,GRACE
2007-10-01,Chitrakoot,8.767431413689884,GRACE
2007-10-01,Hamirpur,-0.9497362971305847,GRACE
2007-10-01,Aurangabad,15.682841919012128,GRACE
2007-10-01,Chhatarpur,8.223026409807119,GRACE
2007-10-01,Damoh,10.631929032102192,GRACE
2007-10-01,Datia,5.455688730922244,GRACE
2007-10-01,Panna,9.561435713762283,GRACE
2007-10-01,Sagar,10.27329681031438,GRACE
2007-10-01,Tikamgarh,7.192031824651276,GRACE
2007-10-01,Jalaun,5.5269454363914035,GRACE
2007-10-01,Jhansi,6.144368645009223,GRACE
2007-10-01,Lalitpur,8.074046925270249,GRACE
2007-10-01,Latur,12.234567329910949,GRACE
2007-10-01,Nanded,14.059975092225722,GRACE
2007-10-01,Osmanabad,11.225083104457367,GRACE
2007-10-01,Aurangabad,12.925088605382081,GRACE
2007-10-01,Hingoli,14.20357025027939,GRACE
2007-10-01,Jalna,13.21368644180312,GRACE
2007-10-01,Parbhani,13.219980078462608,GRACE
2007-10-01,Pudukkottai,0.44145099583481107,GRACE
2007-10-01,Ramanathapuram,-0.21334482427020907,GRACE
2007-10-01,Thanjavur,0.6129016343646533,GRACE
2007-10-01,Cuddalore,1.6899893343156256,GRACE
2007-10-01,Nagapattinam,0.8026271121213057,GRACE
2007-11-01,Hamirpur,0.3638420952535568,GRACE
2007-11-01,Mahoba,0.29496729120413556,GRACE
2007-11-01,Banda,0.5519039701390508,GRACE
2007-11-01,Chitrakoot,0.9457872502779193,GRACE
2007-11-01,Hamirpur,-5.382126808166504,GRACE
2007-11-01,Aurangabad,4.33547227678331,GRACE
2007-11-01,Chhatarpur,1.458866464861822,GRACE
2007-11-01,Damoh,3.553046083779746,GRACE
2007-11-01,Datia,0.06746620028828323,GRACE
2007-11-01,Panna,2.1163135551479235,GRACE
2007-11-01,Sagar,3.6802334402794825,GRACE
2007-11-01,Tikamgarh,1.1423970972249997,GRACE
2007-11-01,Jalaun,-0.35150926052112064,GRACE
2007-11-01,Jhansi,0.26972379979565947,GRACE
2007-11-01,Lalitpur,2.049104254263375,GRACE
2007-11-01,Latur,7.532384037604768,GRACE
2007-11-01,Nanded,8.37383567750373,GRACE
2007-11-01,Osmanabad,7.157195828446102,GRACE
2007-11-01,Aurangabad,7.990381319642328,GRACE
2007-11-01,Hingoli,8.403583029754717,GRACE
2007-11-01,Jalna,8.036704148323713,GRACE
2007-11-01,Parbhani,7.958744882288882,GRACE
2007-11-01,Pudukkottai,3.121073148322898,GRACE
2007-11-01,Ramanathapuram,2.0528775204737824,GRACE
2007-11-01,Thanjavur,3.223444798939804,GRACE
2007-11-01,Cuddalore,4.226817006069043,GRACE
2007-11-01,Nagapattinam,3.3882803404139192,GRACE
2007-12-01,Hamirpur,-3.0539525974331667,GRACE
2007-12-01,Mahoba,-2.838588696931276,GRACE
2007-12-01,Banda,-3.370369170081683,GRACE
2007-12-01,Chitrakoot,-3.638453596611636,GRACE
2007-12-01,Hamirpur,-4.880732536315918,GRACE
2007-12-01,Aurangabad,-3.2886776071662505,GRACE
2007-12-01,Chhatarpur,-2.013117239958224,GRACE
2007-12-01,Damoh,-0.346959902537093,GRACE
2007-12-01,Datia,-2.3236856349415786,GRACE
2007-12-01,Panna,-1.9548741019145095,GRACE
2007-12-01,Sagar,0.1902652850306074,GRACE
2007-12-01,Tikamgarh,-1.714778989330533,GRACE
2007-12-01,Jalaun,-3.3654304218923032,GRACE
2007-12-01,Jhansi,-2.487552459591942,GRACE
2007-12-01,Lalitpur,-0.752476191461967,GRACE
2007-12-01,Latur,3.5520113711356105,GRACE
2007-12-01,Nanded,3.595712610970604,GRACE
2007-12-01,Osmanabad,3.613331884079838,GRACE
2007-12-01,Aurangabad,3.9321132271378136,GRACE
2007-12-01,Hingoli,3.554898362925707,GRACE
2007-12-01,Jalna,3.749150693957126,GRACE
2007-12-01,Parbhani,3.5594408873183396,GRACE
2007-12-01,Pudukkottai,2.5316607021718203,GRACE
2007-12-01,Ramanathapuram,1.7962843893036111,GRACE
2007-12-01,Thanjavur,2.544699035751693,GRACE
2007-12-01,Cuddalore,3.3003270078056253,GRACE
2007-12-01,Nagapattinam,2.659425182682411,GRACE
2008-01-01,Hamirpur,-4.617959609398476,GRACE
2008-01-01,Mahoba,-4.377397463291694,GRACE
2008-01-01,Banda,-4.999079546244232,GRACE
2008-01-01,Chitrakoot,-5.3730470788314815,GRACE
2008-01-01,Hamirpur,-3.3859009742736816,GRACE
2008-01-01,Aurangabad,-6.2284373343603106,GRACE
2008-01-01,Chhatarpur,-3.7793958619099794,GRACE
2008-01-01,Damoh,-2.459133565640465,GRACE
2008-01-01,Datia,-3.682128531183364,GRACE
2008-01-01,Panna,-3.81278563618231,GRACE
2008-01-01,Sagar,-1.918399841543978,GRACE
2008-01-01,Tikamgarh,-3.36402230416091,GRACE
2008-01-01,Jalaun,-4.678225808832356,GRACE
2008-01-01,Jhansi,-3.9707152065792446,GRACE
2008-01-01,Lalitpur,-2.572047089943157,GRACE
2008-01-01,Latur,1.8505964212309047,GRACE
2008-01-01,Nanded,1.5212396334612577,GRACE
2008-01-01,Osmanabad,2.031362166141599,GRACE
2008-01-01,Aurangabad,2.4706659117035894,GRACE
2008-01-01,Hingoli,1.664412834220915,GRACE
2008-01-01,Jalna,2.224296851924344,GRACE
2008-01-01,Parbhani,1.9367596759181929,GRACE
2008-01-01,Pudukkottai,3.6920701276543535,GRACE
2008-01-01,Ramanathapuram,2.7693365957020286,GRACE
2008-01-01,Thanjavur,3.703412437746219,GRACE
2008-01-01,Cuddalore,4.485396097152486,GRACE
2008-01-01,Nagapattinam,3.820938588672922,GRACE
2008-02-01,Hamirpur,-8.073072697124843,GRACE
2008-02-01,Mahoba,-7.83975289574387,GRACE
2008-02-01,Banda,-8.450728821514492,GRACE
2008-02-01,Chitrakoot,-8.807511318276783,GRACE
2008-02-01,Hamirpur,-0.6112164855003357,GRACE
2008-02-01,Aurangabad,-9.626419472712444,GRACE
2008-02-01,Chhatarpur,-7.071852377671475,GRACE
2008-02-01,Damoh,-5.418392553233886,GRACE
2008-02-01,Datia,-7.150763612429833,GRACE
2008-02-01,Panna,-7.071848504879817,GRACE
2008-02-01,Sagar,-4.866157199938748,GRACE
2008-02-01,Tikamgarh,-6.698339375146245,GRACE
2008-02-01,Jalaun,-8.09733410278406,GRACE
2008-02-01,Jhansi,-7.437374908080669,GRACE
2008-02-01,Lalitpur,-5.766735409515832,GRACE
2008-02-01,Latur,-1.1715573366911702,GRACE
2008-02-01,Nanded,-1.5123376505146437,GRACE
2008-02-01,Osmanabad,-0.9941978214718561,GRACE
2008-02-01,Aurangabad,-0.5903910761933095,GRACE
2008-02-01,Hingoli,-1.446696494256721,GRACE
2008-02-01,Jalna,-0.8664598765930991,GRACE
2008-02-01,Parbhani,-1.1727472665921903,GRACE
2008-02-01,Pudukkottai,1.4431797918143954,GRACE
2008-02-01,Ramanathapuram,1.3243351332690758,GRACE
2008-02-01,Thanjavur,1.474599055189529,GRACE
2008-02-01,Cuddalore,1.7230784212197974,GRACE
2008-02-01,Nagapattinam,1.518083435238108,GRACE
2008-03-01,Hamirpur,-10.704869675575223,GRACE
2008-03-01,Mahoba,-10.393059395573804,GRACE
2008-03-01,Banda,-11.221611073769186,GRACE
2008-03-01,Chitrakoot,-11.756271047439052,GRACE
2008-03-01,Hamirpur,-2.341308116912842,GRACE
2008-03-01,Aurangabad,-13.54527937377359,GRACE
2008-03-01,Chhatarpur,-9.945158017189504,GRACE
2008-03-01,Damoh,-8.8344701107367,GRACE
2008-03-01,Datia,-9.471999065360832,GRACE
2008-03-01,Panna,-10.251888954558405,GRACE
2008-03-01,Sagar,-8.055684534331862,GRACE
2008-03-01,Tikamgarh,-9.315938487381256,GRACE
2008-03-01,Jalaun,-10.604512916530322,GRACE
2008-03-01,Jhansi,-9.875877048843085,GRACE
2008-03-01,Lalitpur,-8.479464141891338,GRACE
2008-03-01,Latur,-2.910572898642169,GRACE
2008-03-01,Nanded,-3.639296280519883,GRACE
2008-03-01,Osmanabad,-2.5305718669644865,GRACE
2008-03-01,Aurangabad,-2.072925634070766,GRACE
2008-03-01,Hingoli,-3.51735118478899,GRACE
2008-03-01,Jalna,-2.5545891276519384,GRACE
2008-03-01,Parbhani,-2.9929801750410587,GRACE
2008-03-01,Pudukkottai,0.9521197902679672,GRACE
2008-03-01,Ramanathapuram,0.8956894264486437,GRACE
2008-03-01,Thanjavur,0.9579674460527831,GRACE
2008-03-01,Cuddalore,1.0903913599674573,GRACE
2008-03-01,Nagapattinam,0.9791111141853722,GRACE
2008-04-01,Hamirpur,-13.949203862894139,GRACE
2008-04-01,Mahoba,-13.629115423833706,GRACE
2008-04-01,Banda,-14.495029135614223,GRACE
2008-04-01,Chitrakoot,-15.026017529483234,GRACE
2008-04-01,Hamirpur,-3.476929187774658,GRACE
2008-04-01,Aurangabad,-16.65321088504864,GRACE
2008-04-01,Chhatarpur,-13.268309789769296,GRACE
2008-04-01,Damoh,-12.121414760793007,GRACE
2008-04-01,Datia,-12.575256892651037,GRACE
2008-04-01,Panna,-13.581032736212766,GRACE
2008-04-01,Sagar,-11.447837835840174,GRACE
2008-04-01,Tikamgarh,-12.580973669516798,GRACE
2008-04-01,Jalaun,-13.69719770515429,GRACE
2008-04-01,Jhansi,-13.06732180271308,GRACE
2008-04-01,Lalitpur,-11.842021737444325,GRACE
2008-04-01,Latur,-4.946325866143363,GRACE
2008-04-01,Nanded,-5.768969270097436,GRACE
2008-04-01,Osmanabad,-4.607259278824379,GRACE
2008-04-01,Aurangabad,-5.656993798752493,GRACE
2008-04-01,Hingoli,-6.139734668427839,GRACE
2008-04-01,Jalna,-5.810960061109159,GRACE
2008-04-01,Parbhani,-5.714186333433705,GRACE
2008-04-01,Pudukkottai,-0.21936419680525762,GRACE
2008-04-01,Ramanathapuram,0.15544845175837066,GRACE
2008-04-01,Thanjavur,-0.263758510447198,GRACE
2008-04-01,Cuddalore,-0.44836050698033736,GRACE
2008-04-01,Nagapattinam,-0.2965611631225939,GRACE
2008-05-01,Hamirpur,-17.79316715381367,GRACE
2008-05-01,Mahoba,-17.493452730415203,GRACE
2008-05-01,Banda,-18.32227950100967,GRACE
2008-05-01,Chitrakoot,-18.771686979171335,GRACE
2008-05-01,Hamirpur,-6.006122589111328,GRACE
2008-05-01,Aurangabad,-20.136528923339057,GRACE
2008-05-01,Chhatarpur,-17.199322911944773,GRACE
2008-05-01,Damoh,-16.170891290603233,GRACE
2008-05-01,Datia,-16.323903035611693,GRACE
2008-05-01,Panna,-17.55105312525487,GRACE
2008-05-01,Sagar,-15.470034590926096,GRACE
2008-05-01,Tikamgarh,-16.453987242449674,GRACE
2008-05-01,Jalaun,-17.4007517870821,GRACE
2008-05-01,Jhansi,-16.895099277283823,GRACE
2008-05-01,Lalitpur,-15.744393787746441,GRACE
2008-05-01,Latur,-8.900496902819823,GRACE
2008-05-01,Nanded,-10.0331140337472,GRACE
2008-05-01,Osmanabad,-8.341740451792312,GRACE
2008-05-01,Aurangabad,-10.509280890905954,GRACE
2008-05-01,Hingoli,-10.578802731051546,GRACE
2008-05-01,Jalna,-10.475007118630138,GRACE
2008-05-01,Parbhani,-10.077343159951466,GRACE
2008-05-01,Pudukkottai,-1.5839806904670757,GRACE
2008-05-01,Ramanathapuram,-0.7205644680724065,GRACE
2008-05-01,Thanjavur,-1.6603778234143725,GRACE
2008-05-01,Cuddalore,-2.0667599547385507,GRACE
2008-05-01,Nagapattinam,-1.7288852403455368,GRACE
2008-06-01,Hamirpur,-11.427944484982701,GRACE
2008-06-01,Mahoba,-11.367937581300703,GRACE
2008-06-01,Banda,-11.530757777412047,GRACE
2008-06-01,Chitrakoot,-11.559680035573626,GRACE
2008-06-01,Hamirpur,-4.146488189697266,GRACE
2008-06-01,Aurangabad,-11.10468642886155,GRACE
2008-06-01,Chhatarpur,-11.087822820208714,GRACE
2008-06-01,Damoh,-10.572533800222184,GRACE
2008-06-01,Datia,-11.106736071611635,GRACE
2008-06-01,Panna,-11.162064893967338,GRACE
2008-06-01,Sagar,-10.291211232262986,GRACE
2008-06-01,Tikamgarh,-10.931774118604134,GRACE
2008-06-01,Jalaun,-11.43142184263522,GRACE
2008-06-01,Jhansi,-11.215503894651826,GRACE
2008-06-01,Lalitpur,-10.540845256485964,GRACE
2008-06-01,Latur,-8.17214434424612,GRACE
2008-06-01,Nanded,-9.029810191951867,GRACE
2008-06-01,Osmanabad,-7.616222694016081,GRACE
2008-06-01,Aurangabad,-8.685312125088949,GRACE
2008-06-01,Hingoli,-9.269460192918869,GRACE
2008-06-01,Jalna,-8.82737221178206,GRACE
2008-06-01,Parbhani,-8.822557248152599,GRACE
2008-06-01,Pudukkottai,-0.7577751819222526,GRACE
2008-06-01,Ramanathapuram,-0.7244603850742597,GRACE
2008-06-01,Thanjavur,-0.7352973642983697,GRACE
2008-06-01,Cuddalore,-0.7666005097073784,GRACE
2008-06-01,Nagapattinam,-0.7362848357480465,GRACE
2008-07-01,Hamirpur,9.435174914831805,GRACE
2008-07-01,Mahoba,8.944333223762658,GRACE
2008-07-01,Banda,10.327838521503363,GRACE
2008-07-01,Chitrakoot,11.338906950141316,GRACE
2008-07-01,Hamirpur,2.0926239490509033,GRACE
2008-07-01,Aurangabad,15.259708990315024,GRACE
2008-07-01,Chhatarpur,8.815545091957613,GRACE
2008-07-01,Damoh,7.378890869670123,GRACE
2008-07-01,Datia,7.311540828943918,GRACE
2008-07-01,Panna,9.391041778316978,GRACE
2008-07-01,Sagar,6.6611363652983835,GRACE
2008-07-01,Tikamgarh,7.779006630605187,GRACE
2008-07-01,Jalaun,8.500733195992733,GRACE
2008-07-01,Jhansi,8.155157311845956,GRACE
2008-07-01,Lalitpur,7.121745974643393,GRACE
2008-07-01,Latur,-0.9925256277586559,GRACE
2008-07-01,Nanded,-0.6194817977148449,GRACE
2008-07-01,Osmanabad,-1.071362039877808,GRACE
2008-07-01,Aurangabad,-0.7527531807448178,GRACE
2008-07-01,Hingoli,-0.5773399946903458,GRACE
2008-07-01,Jalna,-0.7157358876205159,GRACE
2008-07-01,Parbhani,-0.8015254691836163,GRACE
2008-07-01,Pudukkottai,-0.30575763542327217,GRACE
2008-07-01,Ramanathapuram,-0.6200027337733507,GRACE
2008-07-01,Thanjavur,-0.07701366290655609,GRACE
2008-07-01,Cuddalore,0.1881089164877406,GRACE
2008-07-01,Nagapattinam,-0.00261958930839983,GRACE
2008-08-01,Hamirpur,18.222155356105766,GRACE
2008-08-01,Mahoba,17.788320433768323,GRACE
2008-08-01,Banda,19.012105605006443,GRACE
2008-08-01,Chitrakoot,20.04683353747797,GRACE
2008-08-01,Hamirpur,6.155150890350342,GRACE
2008-08-01,Aurangabad,25.505177086347476,GRACE
2008-08-01,Chhatarpur,17.755306181441966,GRACE
2008-08-01,Damoh,16.830178244842145,GRACE
2008-08-01,Datia,16.415777267523147,GRACE
2008-08-01,Panna,18.306571193620325,GRACE
2008-08-01,Sagar,16.290143377481275,GRACE
2008-08-01,Tikamgarh,16.89439550651116,GRACE
2008-08-01,Jalaun,17.401183472507057,GRACE
2008-08-01,Jhansi,17.135965770997707,GRACE
2008-08-01,Lalitpur,16.465823114866275,GRACE
2008-08-01,Latur,9.596354272054585,GRACE
2008-08-01,Nanded,11.246840894954634,GRACE
2008-08-01,Osmanabad,8.707616457710229,GRACE
2008-08-01,Aurangabad,9.696163051718807,GRACE
2008-08-01,Hingoli,11.143069257019988,GRACE
2008-08-01,Jalna,10.016611436173255,GRACE
2008-08-01,Parbhani,10.173936892088436,GRACE
2008-08-01,Pudukkottai,1.0663338744935664,GRACE
2008-08-01,Ramanathapuram,0.8776404914118972,GRACE
2008-08-01,Thanjavur,1.0627156677301075,GRACE
2008-08-01,Cuddalore,1.3311710081153931,GRACE
2008-08-01,Nagapattinam,1.1024143400753288,GRACE
2008-09-01,Hamirpur,15.421283270419758,GRACE
2008-09-01,Mahoba,15.007633306983397,GRACE
2008-09-01,Banda,16.18014735837729,GRACE
2008-09-01,Chitrakoot,17.084085619777717,GRACE
2008-09-01,Hamirpur,3.7858409881591797,GRACE
2008-09-01,Aurangabad,22.12550580600801,GRACE
2008-09-01,Chhatarpur,15.124799726024323,GRACE
2008-09-01,Damoh,14.67112500507265,GRACE
2008-09-01,Datia,13.606607901324512,GRACE
2008-09-01,Panna,15.817427512027411,GRACE
2008-09-01,Sagar,14.019376301312457,GRACE
2008-09-01,Tikamgarh,14.19691419591441,GRACE
2008-09-01,Jalaun,14.583368150440844,GRACE
2008-09-01,Jhansi,14.34328980684944,GRACE
2008-09-01,Lalitpur,13.818488485120199,GRACE
2008-09-01,Latur,12.656581077299899,GRACE
2008-09-01,Nanded,13.634197251008075,GRACE
2008-09-01,Osmanabad,11.85611953307039,GRACE
2008-09-01,Aurangabad,11.791652669643437,GRACE
2008-09-01,Hingoli,13.317162321321652,GRACE
2008-09-01,Jalna,12.219064805630632,GRACE
2008-09-01,Parbhani,12.671391329988365,GRACE
2008-09-01,Pudukkottai,-0.18954530250554905,GRACE
2008-09-01,Ramanathapuram,-0.5658273657020785,GRACE
2008-09-01,Thanjavur,-0.08314983668692263,GRACE
2008-09-01,Cuddalore,0.5489569929152331,GRACE
2008-09-01,Nagapattinam,0.029089442224328545,GRACE
2008-10-01,Hamirpur,10.163648194186422,GRACE
2008-10-01,Mahoba,9.873340376139964,GRACE
2008-10-01,Banda,10.699754479616528,GRACE
2008-10-01,Chitrakoot,11.319502053348296,GRACE
2008-10-01,Hamirpur,1.3888553380966187,GRACE
2008-10-01,Aurangabad,14.747462041675238,GRACE
2008-10-01,Chhatarpur,10.068833721434633,GRACE
2008-10-01,Damoh,10.015256657562814,GRACE
2008-10-01,Datia,8.87802564398927,GRACE
2008-10-01,Panna,10.621124707427517,GRACE
2008-10-01,Sagar,9.582173000346993,GRACE
2008-10-01,Tikamgarh,9.378346329708693,GRACE
2008-10-01,Jalaun,9.559662472778164,GRACE
2008-10-01,Jhansi,9.398314994158516,GRACE
2008-10-01,Lalitpur,9.190695132377028,GRACE
2008-10-01,Latur,10.271396730746078,GRACE
2008-10-01,Nanded,10.973584739566615,GRACE
2008-10-01,Osmanabad,9.663001180919375,GRACE
2008-10-01,Aurangabad,10.336911344805225,GRACE
2008-10-01,Hingoli,11.024768617176928,GRACE
2008-10-01,Jalna,10.551045876470022,GRACE
2008-10-01,Parbhani,10.661483755326975,GRACE
2008-10-01,Pudukkottai,1.1173458071197881,GRACE
2008-10-01,Ramanathapuram,0.6089979452507114,GRACE
2008-10-01,Thanjavur,1.1707726161781276,GRACE
2008-10-01,Cuddalore,1.8040842755992017,GRACE
2008-10-01,Nagapattinam,1.2740912849861734,GRACE
2008-11-01,Hamirpur,3.2815902383822126,GRACE
2008-11-01,Mahoba,3.2824923140216633,GRACE
2008-11-01,Banda,3.2958740620510043,GRACE
2008-11-01,Chitrakoot,3.2573017846280288,GRACE
2008-11-01,Hamirpur,-2.4362130165100098,GRACE
2008-11-01,Aurangabad,3.6571118091554795,GRACE
2008-11-01,Chhatarpur,3.1065355345510923,GRACE
2008-11-01,Damoh,2.659797707837739,GRACE
2008-11-01,Datia,3.115873335494069,GRACE
2008-11-01,Panna,2.9929037256652666,GRACE
2008-11-01,Sagar,2.757417950256995,GRACE
2008-11-01,Tikamgarh,3.119740009374528,GRACE
2008-11-01,Jalaun,3.1110868558134053,GRACE
2008-11-01,Jhansi,3.232025618739115,GRACE
2008-11-01,Lalitpur,3.056054611981208,GRACE
2008-11-01,Latur,5.089938774374879,GRACE
2008-11-01,Nanded,4.939345344366322,GRACE
2008-11-01,Osmanabad,4.9884074004556,GRACE
2008-11-01,Aurangabad,4.3439237467344025,GRACE
2008-11-01,Hingoli,4.568646799027802,GRACE
2008-11-01,Jalna,4.390785582142609,GRACE
2008-11-01,Parbhani,4.619319453554593,GRACE
2008-11-01,Pudukkottai,3.2176919925749874,GRACE
2008-11-01,Ramanathapuram,2.4984787539697937,GRACE
2008-11-01,Thanjavur,3.369220510721476,GRACE
2008-11-01,Cuddalore,3.738307136376588,GRACE
2008-11-01,Nagapattinam,3.4452869540549895,GRACE
2008-12-01,Hamirpur,0.4588215816829122,GRACE
2008-12-01,Mahoba,0.594105801196751,GRACE
2008-12-01,Banda,0.2272594003016261,GRACE
2008-12-01,Chitrakoot,-0.22415710404651978,GRACE
2008-12-01,Hamirpur,-3.711141347885132,GRACE
2008-12-01,Aurangabad,-2.9713707513094647,GRACE
2008-12-01,Chhatarpur,0.26462257108988296,GRACE
2008-12-01,Damoh,-0.3291856035448076,GRACE
2008-12-01,Datia,0.7265027389055123,GRACE
2008-12-01,Panna,-0.1703840110008595,GRACE
2008-12-01,Sagar,-0.04160258330824236,GRACE
2008-12-01,Tikamgarh,0.5242975248214624,GRACE
2008-12-01,Jalaun,0.5297075980325018,GRACE
2008-12-01,Jhansi,0.6854827995419834,GRACE
2008-12-01,Lalitpur,0.46916682946166055,GRACE
2008-12-01,Latur,2.4265536349068118,GRACE
2008-12-01,Nanded,1.318392858108894,GRACE
2008-12-01,Osmanabad,3.0052766649267677,GRACE
2008-12-01,Aurangabad,2.550750332685511,GRACE
2008-12-01,Hingoli,1.145827163840204,GRACE
2008-12-01,Jalna,2.1120208826583973,GRACE
2008-12-01,Parbhani,1.8392839535727512,GRACE
2008-12-01,Pudukkottai,5.798670337943039,GRACE
2008-12-01,Ramanathapuram,5.0092249563755935,GRACE
2008-12-01,Thanjavur,5.955856302165619,GRACE
2008-12-01,Cuddalore,6.420281375465314,GRACE
2008-12-01,Nagapattinam,6.047260902705484,GRACE
